match_id,date,season,venue,city,team1,team2,toss_winner,toss_decision,winner,win_by_runs,win_by_wickets,player_of_match,toss_win_match_win,winner_short,venue_short
1082591,2017-04-05,2017,"Rajiv Gandhi International Stadium, Uppal",Hyderabad,Sunrisers Hyderabad,Royal Challengers Bengaluru,Royal Challengers Bengaluru,field,Sunrisers Hyderabad,35.0,,Yuvraj Singh,False,SRH,Rajiv Gandhi International Stadium
1082592,2017-04-06,2017,Maharashtra Cricket Association Stadium,Pune,Rising Pune Supergiants,Mumbai Indians,Rising Pune Supergiants,field,Rising Pune Supergiants,,7.0,SPD Smith,True,RPS,Maharashtra Cricket Association Stadium
1082593,2017-04-07,2017,Saurashtra Cricket Association Stadium,Rajkot,Gujarat Lions,Kolkata Knight Riders,Kolkata Knight Riders,field,Kolkata Knight Riders,,10.0,CA Lynn,True,KKR,Saurashtra Cricket Association Stadium
1082594,2017-04-08,2017,Holkar Cricket Stadium,Indore,Punjab Kings,Rising Pune Supergiants,Punjab Kings,field,Punjab Kings,,6.0,GJ Maxwell,True,PBKS,Holkar Cricket Stadium
1082595,2017-04-08,2017,M.Chinnaswamy Stadium,Bengaluru,Royal Challengers Bengaluru,Delhi Capitals,Royal Challengers Bengaluru,bat,Royal Challengers Bengaluru,15.0,,KM Jadhav,True,RCB,M.Chinnaswamy Stadium
1082596,2017-04-09,2017,"Rajiv Gandhi International Stadium, Uppal",Hyderabad,Sunrisers Hyderabad,Gujarat Lions,Sunrisers Hyderabad,field,Sunrisers Hyderabad,,9.0,Rashid Khan,True,SRH,Rajiv Gandhi International Stadium
1082597,2017-04-09,2017,Wankhede Stadium,Mumbai,Mumbai Indians,Kolkata Knight Riders,Mumbai Indians,field,Mumbai Indians,,4.0,N Rana,True,MI,Wankhede Stadium
1082598,2017-04-10,2017,Holkar Cricket Stadium,Indore,Punjab Kings,Royal Challengers Bengaluru,Royal Challengers Bengaluru,bat,Punjab Kings,,8.0,AR Patel,False,PBKS,Holkar Cricket Stadium
1082599,2017-04-11,2017,Maharashtra Cricket Association Stadium,Pune,Rising Pune Supergiants,Delhi Capitals,Rising Pune Supergiants,field,Delhi Capitals,97.0,,SV Samson,False,DC,Maharashtra Cricket Association Stadium
1082600,2017-04-12,2017,Wankhede Stadium,Mumbai,Mumbai Indians,Sunrisers Hyderabad,Mumbai Indians,field,Mumbai Indians,,4.0,JJ Bumrah,True,MI,Wankhede Stadium
1082601,2017-04-13,2017,Eden Gardens,Kolkata,Kolkata Knight Riders,Punjab Kings,Kolkata Knight Riders,field,Kolkata Knight Riders,,8.0,SP Narine,True,KKR,Eden Gardens
1082602,2017-04-14,2017,M Chinnaswamy Stadium,Bangalore,Royal Challengers Bengaluru,Mumbai Indians,Mumbai Indians,field,Mumbai Indians,,4.0,KA Pollard,True,MI,M Chinnaswamy Stadium
1082603,2017-04-14,2017,Saurashtra Cricket Association Stadium,Rajkot,Gujarat Lions,Rising Pune Supergiants,Gujarat Lions,field,Gujarat Lions,,7.0,AJ Tye,True,GL,Saurashtra Cricket Association Stadium
1082604,2017-04-15,2017,Eden Gardens,Kolkata,Kolkata Knight Riders,Sunrisers Hyderabad,Sunrisers Hyderabad,field,Kolkata Knight Riders,17.0,,RV Uthappa,False,KKR,Eden Gardens
1082605,2017-04-15,2017,Feroz Shah Kotla,Delhi,Delhi Capitals,Punjab Kings,Delhi Capitals,bat,Delhi Capitals,51.0,,CJ Anderson,True,DC,Feroz Shah Kotla
1082606,2017-04-16,2017,Wankhede Stadium,Mumbai,Mumbai Indians,Gujarat Lions,Mumbai Indians,field,Mumbai Indians,,6.0,N Rana,True,MI,Wankhede Stadium
1082607,2017-04-16,2017,M Chinnaswamy Stadium,Bangalore,Royal Challengers Bengaluru,Rising Pune Supergiants,Royal Challengers Bengaluru,field,Rising Pune Supergiants,27.0,,BA Stokes,False,RPS,M Chinnaswamy Stadium
1082608,2017-04-17,2017,Feroz Shah Kotla,Delhi,Delhi Capitals,Kolkata Knight Riders,Delhi Capitals,bat,Kolkata Knight Riders,,4.0,NM Coulter-Nile,False,KKR,Feroz Shah Kotla
1082609,2017-04-17,2017,"Rajiv Gandhi International Stadium, Uppal",Hyderabad,Sunrisers Hyderabad,Punjab Kings,Punjab Kings,field,Sunrisers Hyderabad,5.0,,B Kumar,False,SRH,Rajiv Gandhi International Stadium
1082610,2017-04-18,2017,Saurashtra Cricket Association Stadium,Rajkot,Gujarat Lions,Royal Challengers Bengaluru,Gujarat Lions,field,Royal Challengers Bengaluru,21.0,,CH Gayle,False,RCB,Saurashtra Cricket Association Stadium
1082611,2017-04-19,2017,"Rajiv Gandhi International Stadium, Uppal",Hyderabad,Sunrisers Hyderabad,Delhi Capitals,Sunrisers Hyderabad,bat,Sunrisers Hyderabad,15.0,,KS Williamson,True,SRH,Rajiv Gandhi International Stadium
1082612,2017-04-20,2017,Holkar Cricket Stadium,Indore,Punjab Kings,Mumbai Indians,Mumbai Indians,field,Mumbai Indians,,8.0,JC Buttler,True,MI,Holkar Cricket Stadium
1082613,2017-04-21,2017,Eden Gardens,Kolkata,Kolkata Knight Riders,Gujarat Lions,Gujarat Lions,field,Gujarat Lions,,4.0,SK Raina,True,GL,Eden Gardens
1082614,2017-04-22,2017,Wankhede Stadium,Mumbai,Mumbai Indians,Delhi Capitals,Delhi Capitals,field,Mumbai Indians,14.0,,MJ McClenaghan,False,MI,Wankhede Stadium
1082615,2017-04-22,2017,Maharashtra Cricket Association Stadium,Pune,Rising Pune Supergiants,Sunrisers Hyderabad,Rising Pune Supergiants,field,Rising Pune Supergiants,,6.0,MS Dhoni,True,RPS,Maharashtra Cricket Association Stadium
1082616,2017-04-23,2017,Saurashtra Cricket Association Stadium,Rajkot,Gujarat Lions,Punjab Kings,Gujarat Lions,field,Punjab Kings,26.0,,HM Amla,False,PBKS,Saurashtra Cricket Association Stadium
1082617,2017-04-23,2017,Eden Gardens,Kolkata,Kolkata Knight Riders,Royal Challengers Bengaluru,Royal Challengers Bengaluru,field,Kolkata Knight Riders,82.0,,NM Coulter-Nile,False,KKR,Eden Gardens
1082618,2017-04-24,2017,Wankhede Stadium,Mumbai,Mumbai Indians,Rising Pune Supergiants,Mumbai Indians,field,Rising Pune Supergiants,3.0,,BA Stokes,False,RPS,Wankhede Stadium
1082620,2017-04-26,2017,Maharashtra Cricket Association Stadium,Pune,Rising Pune Supergiants,Kolkata Knight Riders,Kolkata Knight Riders,field,Kolkata Knight Riders,,7.0,RV Uthappa,True,KKR,Maharashtra Cricket Association Stadium
1082621,2017-04-27,2017,M Chinnaswamy Stadium,Bangalore,Royal Challengers Bengaluru,Gujarat Lions,Gujarat Lions,field,Gujarat Lions,,7.0,AJ Tye,True,GL,M Chinnaswamy Stadium
1082622,2017-04-28,2017,Eden Gardens,Kolkata,Kolkata Knight Riders,Delhi Capitals,Kolkata Knight Riders,field,Kolkata Knight Riders,,7.0,G Gambhir,True,KKR,Eden Gardens
1082623,2017-04-28,2017,"Punjab Cricket Association IS Bindra Stadium, Mohali",Chandigarh,Punjab Kings,Sunrisers Hyderabad,Punjab Kings,field,Sunrisers Hyderabad,26.0,,Rashid Khan,False,SRH,Punjab Cricket Association IS Bindra Stadium
1082624,2017-04-29,2017,Maharashtra Cricket Association Stadium,Pune,Rising Pune Supergiants,Royal Challengers Bengaluru,Royal Challengers Bengaluru,field,Rising Pune Supergiants,61.0,,LH Ferguson,False,RPS,Maharashtra Cricket Association Stadium
1082626,2017-04-30,2017,"Punjab Cricket Association IS Bindra Stadium, Mohali",Chandigarh,Punjab Kings,Delhi Capitals,Punjab Kings,field,Punjab Kings,,10.0,Sandeep Sharma,True,PBKS,Punjab Cricket Association IS Bindra Stadium
1082627,2017-04-30,2017,"Rajiv Gandhi International Stadium, Uppal",Hyderabad,Sunrisers Hyderabad,Kolkata Knight Riders,Kolkata Knight Riders,field,Sunrisers Hyderabad,48.0,,DA Warner,False,SRH,Rajiv Gandhi International Stadium
1082628,2017-05-01,2017,Wankhede Stadium,Mumbai,Mumbai Indians,Royal Challengers Bengaluru,Royal Challengers Bengaluru,bat,Mumbai Indians,,5.0,RG Sharma,False,MI,Wankhede Stadium
1082629,2017-05-01,2017,Maharashtra Cricket Association Stadium,Pune,Rising Pune Supergiants,Gujarat Lions,Rising Pune Supergiants,field,Rising Pune Supergiants,,5.0,BA Stokes,True,RPS,Maharashtra Cricket Association Stadium
1082630,2017-05-02,2017,Feroz Shah Kotla,Delhi,Delhi Capitals,Sunrisers Hyderabad,Delhi Capitals,field,Delhi Capitals,,6.0,Mohammed Shami,True,DC,Feroz Shah Kotla
1082631,2017-05-03,2017,Eden Gardens,Kolkata,Kolkata Knight Riders,Rising Pune Supergiants,Rising Pune Supergiants,field,Rising Pune Supergiants,,4.0,RA Tripathi,True,RPS,Eden Gardens
1082632,2017-05-04,2017,Feroz Shah Kotla,Delhi,Delhi Capitals,Gujarat Lions,Delhi Capitals,field,Delhi Capitals,,7.0,RR Pant,True,DC,Feroz Shah Kotla
1082633,2017-05-05,2017,M Chinnaswamy Stadium,Bangalore,Royal Challengers Bengaluru,Punjab Kings,Royal Challengers Bengaluru,field,Punjab Kings,19.0,,Sandeep Sharma,False,PBKS,M Chinnaswamy Stadium
1082634,2017-05-06,2017,"Rajiv Gandhi International Stadium, Uppal",Hyderabad,Sunrisers Hyderabad,Rising Pune Supergiants,Sunrisers Hyderabad,field,Rising Pune Supergiants,12.0,,JD Unadkat,False,RPS,Rajiv Gandhi International Stadium
1082635,2017-05-06,2017,Feroz Shah Kotla,Delhi,Delhi Capitals,Mumbai Indians,Delhi Capitals,field,Mumbai Indians,146.0,,LMP Simmons,False,MI,Feroz Shah Kotla
1082636,2017-05-07,2017,M Chinnaswamy Stadium,Bangalore,Royal Challengers Bengaluru,Kolkata Knight Riders,Kolkata Knight Riders,field,Kolkata Knight Riders,,6.0,SP Narine,True,KKR,M Chinnaswamy Stadium
1082637,2017-05-07,2017,"Punjab Cricket Association IS Bindra Stadium, Mohali",Chandigarh,Punjab Kings,Gujarat Lions,Gujarat Lions,field,Gujarat Lions,,6.0,DR Smith,True,GL,Punjab Cricket Association IS Bindra Stadium
1082638,2017-05-08,2017,"Rajiv Gandhi International Stadium, Uppal",Hyderabad,Sunrisers Hyderabad,Mumbai Indians,Mumbai Indians,bat,Sunrisers Hyderabad,,7.0,S Dhawan,False,SRH,Rajiv Gandhi International Stadium
1082639,2017-05-09,2017,"Punjab Cricket Association IS Bindra Stadium, Mohali",Chandigarh,Punjab Kings,Kolkata Knight Riders,Kolkata Knight Riders,field,Punjab Kings,14.0,,MM Sharma,False,PBKS,Punjab Cricket Association IS Bindra Stadium
1082640,2017-05-10,2017,Green Park,Kanpur,Gujarat Lions,Delhi Capitals,Delhi Capitals,field,Delhi Capitals,,2.0,SS Iyer,True,DC,Green Park
1082641,2017-05-11,2017,Wankhede Stadium,Mumbai,Mumbai Indians,Punjab Kings,Mumbai Indians,field,Punjab Kings,7.0,,WP Saha,False,PBKS,Wankhede Stadium
1082642,2017-05-12,2017,Feroz Shah Kotla,Delhi,Delhi Capitals,Rising Pune Supergiants,Delhi Capitals,bat,Delhi Capitals,7.0,,KK Nair,True,DC,Feroz Shah Kotla
1082643,2017-05-13,2017,Green Park,Kanpur,Gujarat Lions,Sunrisers Hyderabad,Sunrisers Hyderabad,field,Sunrisers Hyderabad,,8.0,Mohammed Siraj,True,SRH,Green Park
1082644,2017-05-13,2017,Eden Gardens,Kolkata,Kolkata Knight Riders,Mumbai Indians,Kolkata Knight Riders,field,Mumbai Indians,9.0,,AT Rayudu,False,MI,Eden Gardens
1082645,2017-05-14,2017,Maharashtra Cricket Association Stadium,Pune,Rising Pune Supergiants,Punjab Kings,Rising Pune Supergiants,field,Rising Pune Supergiants,,9.0,JD Unadkat,True,RPS,Maharashtra Cricket Association Stadium
1082646,2017-05-14,2017,Feroz Shah Kotla,Delhi,Delhi Capitals,Royal Challengers Bengaluru,Royal Challengers Bengaluru,bat,Royal Challengers Bengaluru,10.0,,HV Patel,True,RCB,Feroz Shah Kotla
1082647,2017-05-16,2017,Wankhede Stadium,Mumbai,Mumbai Indians,Rising Pune Supergiants,Mumbai Indians,field,Rising Pune Supergiants,20.0,,Washington Sundar,False,RPS,Wankhede Stadium
1082648,2017-05-17,2017,M Chinnaswamy Stadium,Bangalore,Sunrisers Hyderabad,Kolkata Knight Riders,Kolkata Knight Riders,field,Kolkata Knight Riders,,7.0,NM Coulter-Nile,True,KKR,M Chinnaswamy Stadium
1082649,2017-05-19,2017,M Chinnaswamy Stadium,Bangalore,Mumbai Indians,Kolkata Knight Riders,Mumbai Indians,field,Mumbai Indians,,6.0,KV Sharma,True,MI,M Chinnaswamy Stadium
1082650,2017-05-21,2017,"Rajiv Gandhi International Stadium, Uppal",Hyderabad,Mumbai Indians,Rising Pune Supergiants,Mumbai Indians,bat,Mumbai Indians,1.0,,KH Pandya,True,MI,Rajiv Gandhi International Stadium
1136561,2018-04-07,2018,Wankhede Stadium,Mumbai,Mumbai Indians,Chennai Super Kings,Chennai Super Kings,field,Chennai Super Kings,,1.0,DJ Bravo,True,CSK,Wankhede Stadium
1136562,2018-04-08,2018,Punjab Cricket Association IS Bindra Stadium,Chandigarh,Delhi Capitals,Punjab Kings,Punjab Kings,field,Punjab Kings,,6.0,KL Rahul,True,PBKS,Punjab Cricket Association IS Bindra Stadium
1136563,2018-04-08,2018,Eden Gardens,Kolkata,Royal Challengers Bengaluru,Kolkata Knight Riders,Kolkata Knight Riders,field,Kolkata Knight Riders,,4.0,SP Narine,True,KKR,Eden Gardens
1136564,2018-04-09,2018,Rajiv Gandhi International Stadium,Hyderabad,Rajasthan Royals,Sunrisers Hyderabad,Sunrisers Hyderabad,field,Sunrisers Hyderabad,,9.0,S Dhawan,True,SRH,Rajiv Gandhi International Stadium
1136565,2018-04-10,2018,MA Chidambaram Stadium,Chennai,Kolkata Knight Riders,Chennai Super Kings,Chennai Super Kings,field,Chennai Super Kings,,5.0,SW Billings,True,CSK,MA Chidambaram Stadium
1136566,2018-04-11,2018,Sawai Mansingh Stadium,Jaipur,Rajasthan Royals,Delhi Capitals,Delhi Capitals,field,Rajasthan Royals,10.0,,SV Samson,False,RR,Sawai Mansingh Stadium
1136567,2018-04-12,2018,Rajiv Gandhi International Stadium,Hyderabad,Mumbai Indians,Sunrisers Hyderabad,Sunrisers Hyderabad,field,Sunrisers Hyderabad,,1.0,Rashid Khan,True,SRH,Rajiv Gandhi International Stadium
1136568,2018-04-13,2018,M.Chinnaswamy Stadium,Bengaluru,Punjab Kings,Royal Challengers Bengaluru,Royal Challengers Bengaluru,field,Royal Challengers Bengaluru,,4.0,UT Yadav,True,RCB,M.Chinnaswamy Stadium
1136569,2018-04-14,2018,Wankhede Stadium,Mumbai,Mumbai Indians,Delhi Capitals,Delhi Capitals,field,Delhi Capitals,,7.0,JJ Roy,True,DC,Wankhede Stadium
1136570,2018-04-14,2018,Eden Gardens,Kolkata,Kolkata Knight Riders,Sunrisers Hyderabad,Sunrisers Hyderabad,field,Sunrisers Hyderabad,,5.0,B Stanlake,True,SRH,Eden Gardens
1136571,2018-04-15,2018,M.Chinnaswamy Stadium,Bengaluru,Rajasthan Royals,Royal Challengers Bengaluru,Royal Challengers Bengaluru,field,Rajasthan Royals,19.0,,SV Samson,False,RR,M.Chinnaswamy Stadium
1136572,2018-04-15,2018,Punjab Cricket Association IS Bindra Stadium,Chandigarh,Punjab Kings,Chennai Super Kings,Chennai Super Kings,field,Punjab Kings,4.0,,CH Gayle,False,PBKS,Punjab Cricket Association IS Bindra Stadium
1136573,2018-04-16,2018,Eden Gardens,Kolkata,Kolkata Knight Riders,Delhi Capitals,Delhi Capitals,field,Kolkata Knight Riders,71.0,,N Rana,False,KKR,Eden Gardens
1136574,2018-04-17,2018,Wankhede Stadium,Mumbai,Mumbai Indians,Royal Challengers Bengaluru,Royal Challengers Bengaluru,field,Mumbai Indians,46.0,,RG Sharma,False,MI,Wankhede Stadium
1136575,2018-04-18,2018,Sawai Mansingh Stadium,Jaipur,Rajasthan Royals,Kolkata Knight Riders,Kolkata Knight Riders,field,Kolkata Knight Riders,,7.0,N Rana,True,KKR,Sawai Mansingh Stadium
1136576,2018-04-19,2018,Punjab Cricket Association IS Bindra Stadium,Chandigarh,Punjab Kings,Sunrisers Hyderabad,Punjab Kings,bat,Punjab Kings,15.0,,CH Gayle,True,PBKS,Punjab Cricket Association IS Bindra Stadium
1136577,2018-04-20,2018,Maharashtra Cricket Association Stadium,Pune,Chennai Super Kings,Rajasthan Royals,Rajasthan Royals,field,Chennai Super Kings,64.0,,SR Watson,False,CSK,Maharashtra Cricket Association Stadium
1136578,2018-04-21,2018,Eden Gardens,Kolkata,Kolkata Knight Riders,Punjab Kings,Punjab Kings,field,Punjab Kings,,9.0,KL Rahul,True,PBKS,Eden Gardens
1136579,2018-04-21,2018,M.Chinnaswamy Stadium,Bengaluru,Delhi Capitals,Royal Challengers Bengaluru,Royal Challengers Bengaluru,field,Royal Challengers Bengaluru,,6.0,AB de Villiers,True,RCB,M.Chinnaswamy Stadium
1136580,2018-04-22,2018,Rajiv Gandhi International Stadium,Hyderabad,Chennai Super Kings,Sunrisers Hyderabad,Sunrisers Hyderabad,field,Chennai Super Kings,4.0,,AT Rayudu,False,CSK,Rajiv Gandhi International Stadium
1136581,2018-04-22,2018,Sawai Mansingh Stadium,Jaipur,Mumbai Indians,Rajasthan Royals,Mumbai Indians,bat,Rajasthan Royals,,3.0,JC Archer,False,RR,Sawai Mansingh Stadium
1136582,2018-04-23,2018,Arun Jaitley Stadium,Delhi,Punjab Kings,Delhi Capitals,Delhi Capitals,field,Punjab Kings,4.0,,AS Rajpoot,False,PBKS,Arun Jaitley Stadium
1136583,2018-04-24,2018,Wankhede Stadium,Mumbai,Sunrisers Hyderabad,Mumbai Indians,Mumbai Indians,field,Sunrisers Hyderabad,31.0,,Rashid Khan,False,SRH,Wankhede Stadium
1136584,2018-04-25,2018,M.Chinnaswamy Stadium,Bengaluru,Royal Challengers Bengaluru,Chennai Super Kings,Chennai Super Kings,field,Chennai Super Kings,,5.0,MS Dhoni,True,CSK,M.Chinnaswamy Stadium
1136585,2018-04-26,2018,Rajiv Gandhi International Stadium,Hyderabad,Sunrisers Hyderabad,Punjab Kings,Punjab Kings,field,Sunrisers Hyderabad,13.0,,AS Rajpoot,False,SRH,Rajiv Gandhi International Stadium
1136586,2018-04-27,2018,Arun Jaitley Stadium,Delhi,Delhi Capitals,Kolkata Knight Riders,Kolkata Knight Riders,field,Delhi Capitals,55.0,,SS Iyer,False,DC,Arun Jaitley Stadium
1136587,2018-04-28,2018,Maharashtra Cricket Association Stadium,Pune,Chennai Super Kings,Mumbai Indians,Mumbai Indians,field,Mumbai Indians,,8.0,RG Sharma,True,MI,Maharashtra Cricket Association Stadium
1136588,2018-04-29,2018,Sawai Mansingh Stadium,Jaipur,Sunrisers Hyderabad,Rajasthan Royals,Sunrisers Hyderabad,bat,Sunrisers Hyderabad,11.0,,KS Williamson,True,SRH,Sawai Mansingh Stadium
1136589,2018-04-29,2018,M.Chinnaswamy Stadium,Bengaluru,Royal Challengers Bengaluru,Kolkata Knight Riders,Kolkata Knight Riders,field,Kolkata Knight Riders,,6.0,CA Lynn,True,KKR,M.Chinnaswamy Stadium
1136590,2018-04-30,2018,Maharashtra Cricket Association Stadium,Pune,Chennai Super Kings,Delhi Capitals,Delhi Capitals,field,Chennai Super Kings,13.0,,SR Watson,False,CSK,Maharashtra Cricket Association Stadium
1136591,2018-05-01,2018,M.Chinnaswamy Stadium,Bengaluru,Royal Challengers Bengaluru,Mumbai Indians,Mumbai Indians,field,Royal Challengers Bengaluru,14.0,,TG Southee,False,RCB,M.Chinnaswamy Stadium
1136592,2018-05-02,2018,Arun Jaitley Stadium,Delhi,Delhi Capitals,Rajasthan Royals,Rajasthan Royals,field,Delhi Capitals,4.0,,RR Pant,False,DC,Arun Jaitley Stadium
1136593,2018-05-03,2018,Eden Gardens,Kolkata,Chennai Super Kings,Kolkata Knight Riders,Kolkata Knight Riders,field,Kolkata Knight Riders,,6.0,SP Narine,True,KKR,Eden Gardens
1136594,2018-05-04,2018,Holkar Cricket Stadium,Indore,Punjab Kings,Mumbai Indians,Mumbai Indians,field,Mumbai Indians,,6.0,SA Yadav,True,MI,Holkar Cricket Stadium
1136595,2018-05-05,2018,Maharashtra Cricket Association Stadium,Pune,Royal Challengers Bengaluru,Chennai Super Kings,Chennai Super Kings,field,Chennai Super Kings,,6.0,RA Jadeja,True,CSK,Maharashtra Cricket Association Stadium
1136596,2018-05-05,2018,Rajiv Gandhi International Stadium,Hyderabad,Delhi Capitals,Sunrisers Hyderabad,Delhi Capitals,bat,Sunrisers Hyderabad,,7.0,Rashid Khan,False,SRH,Rajiv Gandhi International Stadium
1136597,2018-05-06,2018,Wankhede Stadium,Mumbai,Mumbai Indians,Kolkata Knight Riders,Kolkata Knight Riders,field,Mumbai Indians,13.0,,HH Pandya,False,MI,Wankhede Stadium
1136598,2018-05-06,2018,Holkar Cricket Stadium,Indore,Rajasthan Royals,Punjab Kings,Punjab Kings,field,Punjab Kings,,6.0,Mujeeb Ur Rahman,True,PBKS,Holkar Cricket Stadium
1136599,2018-05-07,2018,Rajiv Gandhi International Stadium,Hyderabad,Sunrisers Hyderabad,Royal Challengers Bengaluru,Royal Challengers Bengaluru,field,Sunrisers Hyderabad,5.0,,KS Williamson,False,SRH,Rajiv Gandhi International Stadium
1136600,2018-05-08,2018,Sawai Mansingh Stadium,Jaipur,Rajasthan Royals,Punjab Kings,Rajasthan Royals,bat,Rajasthan Royals,15.0,,JC Buttler,True,RR,Sawai Mansingh Stadium
1136601,2018-05-09,2018,Eden Gardens,Kolkata,Mumbai Indians,Kolkata Knight Riders,Kolkata Knight Riders,field,Mumbai Indians,102.0,,Ishan Kishan,False,MI,Eden Gardens
1136602,2018-05-10,2018,Arun Jaitley Stadium,Delhi,Delhi Capitals,Sunrisers Hyderabad,Delhi Capitals,bat,Sunrisers Hyderabad,,9.0,S Dhawan,False,SRH,Arun Jaitley Stadium
1136603,2018-05-11,2018,Sawai Mansingh Stadium,Jaipur,Chennai Super Kings,Rajasthan Royals,Chennai Super Kings,bat,Rajasthan Royals,,4.0,JC Buttler,False,RR,Sawai Mansingh Stadium
1136604,2018-05-12,2018,Holkar Cricket Stadium,Indore,Kolkata Knight Riders,Punjab Kings,Punjab Kings,field,Kolkata Knight Riders,31.0,,SP Narine,False,KKR,Holkar Cricket Stadium
1136605,2018-05-12,2018,Arun Jaitley Stadium,Delhi,Delhi Capitals,Royal Challengers Bengaluru,Royal Challengers Bengaluru,field,Royal Challengers Bengaluru,,5.0,AB de Villiers,True,RCB,Arun Jaitley Stadium
1136606,2018-05-13,2018,Maharashtra Cricket Association Stadium,Pune,Sunrisers Hyderabad,Chennai Super Kings,Chennai Super Kings,field,Chennai Super Kings,,8.0,AT Rayudu,True,CSK,Maharashtra Cricket Association Stadium
1136607,2018-05-13,2018,Wankhede Stadium,Mumbai,Mumbai Indians,Rajasthan Royals,Rajasthan Royals,field,Rajasthan Royals,,7.0,JC Buttler,True,RR,Wankhede Stadium
1136608,2018-05-14,2018,Holkar Cricket Stadium,Indore,Punjab Kings,Royal Challengers Bengaluru,Royal Challengers Bengaluru,field,Royal Challengers Bengaluru,,10.0,UT Yadav,True,RCB,Holkar Cricket Stadium
1136609,2018-05-15,2018,Eden Gardens,Kolkata,Rajasthan Royals,Kolkata Knight Riders,Kolkata Knight Riders,field,Kolkata Knight Riders,,6.0,Kuldeep Yadav,True,KKR,Eden Gardens
1136610,2018-05-16,2018,Wankhede Stadium,Mumbai,Mumbai Indians,Punjab Kings,Punjab Kings,field,Mumbai Indians,3.0,,JJ Bumrah,False,MI,Wankhede Stadium
1136611,2018-05-17,2018,M.Chinnaswamy Stadium,Bengaluru,Royal Challengers Bengaluru,Sunrisers Hyderabad,Sunrisers Hyderabad,field,Royal Challengers Bengaluru,14.0,,AB de Villiers,False,RCB,M.Chinnaswamy Stadium
1136612,2018-05-18,2018,Arun Jaitley Stadium,Delhi,Delhi Capitals,Chennai Super Kings,Chennai Super Kings,field,Delhi Capitals,34.0,,HV Patel,False,DC,Arun Jaitley Stadium
1136613,2018-05-19,2018,Sawai Mansingh Stadium,Jaipur,Rajasthan Royals,Royal Challengers Bengaluru,Rajasthan Royals,bat,Rajasthan Royals,30.0,,S Gopal,True,RR,Sawai Mansingh Stadium
1136614,2018-05-19,2018,Rajiv Gandhi International Stadium,Hyderabad,Sunrisers Hyderabad,Kolkata Knight Riders,Sunrisers Hyderabad,bat,Kolkata Knight Riders,,5.0,CA Lynn,False,KKR,Rajiv Gandhi International Stadium
1136615,2018-05-20,2018,Arun Jaitley Stadium,Delhi,Delhi Capitals,Mumbai Indians,Delhi Capitals,bat,Delhi Capitals,11.0,,A Mishra,True,DC,Arun Jaitley Stadium
1136616,2018-05-20,2018,Maharashtra Cricket Association Stadium,Pune,Punjab Kings,Chennai Super Kings,Chennai Super Kings,field,Chennai Super Kings,,5.0,L Ngidi,True,CSK,Maharashtra Cricket Association Stadium
1136617,2018-05-22,2018,Wankhede Stadium,Mumbai,Sunrisers Hyderabad,Chennai Super Kings,Chennai Super Kings,field,Chennai Super Kings,,2.0,F du Plessis,True,CSK,Wankhede Stadium
1136618,2018-05-23,2018,Eden Gardens,Kolkata,Kolkata Knight Riders,Rajasthan Royals,Rajasthan Royals,field,Kolkata Knight Riders,25.0,,AD Russell,False,KKR,Eden Gardens
1136619,2018-05-25,2018,Eden Gardens,Kolkata,Sunrisers Hyderabad,Kolkata Knight Riders,Kolkata Knight Riders,field,Sunrisers Hyderabad,14.0,,Rashid Khan,False,SRH,Eden Gardens
1136620,2018-05-27,2018,Wankhede Stadium,Mumbai,Sunrisers Hyderabad,Chennai Super Kings,Chennai Super Kings,field,Chennai Super Kings,,8.0,SR Watson,True,CSK,Wankhede Stadium
1175356,2019-03-23,2019,MA Chidambaram Stadium,Chennai,Royal Challengers Bengaluru,Chennai Super Kings,Chennai Super Kings,field,Chennai Super Kings,,7.0,Harbhajan Singh,True,CSK,MA Chidambaram Stadium
1175357,2019-03-24,2019,Eden Gardens,Kolkata,Sunrisers Hyderabad,Kolkata Knight Riders,Kolkata Knight Riders,field,Kolkata Knight Riders,,6.0,AD Russell,True,KKR,Eden Gardens
1175358,2019-03-24,2019,Wankhede Stadium,Mumbai,Delhi Capitals,Mumbai Indians,Mumbai Indians,field,Delhi Capitals,37.0,,RR Pant,False,DC,Wankhede Stadium
1175359,2019-03-25,2019,Sawai Mansingh Stadium,Jaipur,Punjab Kings,Rajasthan Royals,Rajasthan Royals,field,Punjab Kings,14.0,,CH Gayle,False,PBKS,Sawai Mansingh Stadium
1175360,2019-03-26,2019,Arun Jaitley Stadium,Delhi,Delhi Capitals,Chennai Super Kings,Delhi Capitals,bat,Chennai Super Kings,,6.0,SR Watson,False,CSK,Arun Jaitley Stadium
1175361,2019-03-27,2019,Eden Gardens,Kolkata,Kolkata Knight Riders,Punjab Kings,Punjab Kings,field,Kolkata Knight Riders,28.0,,AD Russell,False,KKR,Eden Gardens
1175362,2019-03-28,2019,M.Chinnaswamy Stadium,Bengaluru,Mumbai Indians,Royal Challengers Bengaluru,Royal Challengers Bengaluru,field,Mumbai Indians,6.0,,JJ Bumrah,False,MI,M.Chinnaswamy Stadium
1175363,2019-03-29,2019,Rajiv Gandhi International Stadium,Hyderabad,Rajasthan Royals,Sunrisers Hyderabad,Rajasthan Royals,bat,Sunrisers Hyderabad,,5.0,Rashid Khan,False,SRH,Rajiv Gandhi International Stadium
1175364,2019-03-30,2019,Punjab Cricket Association IS Bindra Stadium,Chandigarh,Mumbai Indians,Punjab Kings,Punjab Kings,field,Punjab Kings,,8.0,MA Agarwal,True,PBKS,Punjab Cricket Association IS Bindra Stadium
1175366,2019-03-31,2019,Rajiv Gandhi International Stadium,Hyderabad,Sunrisers Hyderabad,Royal Challengers Bengaluru,Royal Challengers Bengaluru,field,Sunrisers Hyderabad,118.0,,JM Bairstow,False,SRH,Rajiv Gandhi International Stadium
1175367,2019-03-31,2019,MA Chidambaram Stadium,Chennai,Chennai Super Kings,Rajasthan Royals,Rajasthan Royals,field,Chennai Super Kings,8.0,,MS Dhoni,False,CSK,MA Chidambaram Stadium
1175368,2019-04-01,2019,Punjab Cricket Association IS Bindra Stadium,Chandigarh,Punjab Kings,Delhi Capitals,Delhi Capitals,field,Punjab Kings,14.0,,SM Curran,False,PBKS,Punjab Cricket Association IS Bindra Stadium
1175369,2019-04-02,2019,Sawai Mansingh Stadium,Jaipur,Royal Challengers Bengaluru,Rajasthan Royals,Rajasthan Royals,field,Rajasthan Royals,,7.0,S Gopal,True,RR,Sawai Mansingh Stadium
1175370,2019-04-03,2019,Wankhede Stadium,Mumbai,Mumbai Indians,Chennai Super Kings,Chennai Super Kings,field,Mumbai Indians,37.0,,HH Pandya,False,MI,Wankhede Stadium
1175371,2019-04-04,2019,Arun Jaitley Stadium,Delhi,Delhi Capitals,Sunrisers Hyderabad,Sunrisers Hyderabad,field,Sunrisers Hyderabad,,5.0,JM Bairstow,True,SRH,Arun Jaitley Stadium
1175372,2019-04-05,2019,M.Chinnaswamy Stadium,Bengaluru,Royal Challengers Bengaluru,Kolkata Knight Riders,Kolkata Knight Riders,field,Kolkata Knight Riders,,5.0,AD Russell,True,KKR,M.Chinnaswamy Stadium
1178393,2019-04-06,2019,MA Chidambaram Stadium,Chennai,Chennai Super Kings,Punjab Kings,Chennai Super Kings,bat,Chennai Super Kings,22.0,,Harbhajan Singh,True,CSK,MA Chidambaram Stadium
1178394,2019-04-06,2019,Rajiv Gandhi International Stadium,Hyderabad,Mumbai Indians,Sunrisers Hyderabad,Sunrisers Hyderabad,field,Mumbai Indians,40.0,,AS Joseph,False,MI,Rajiv Gandhi International Stadium
1178395,2019-04-07,2019,M.Chinnaswamy Stadium,Bengaluru,Royal Challengers Bengaluru,Delhi Capitals,Delhi Capitals,field,Delhi Capitals,,4.0,K Rabada,True,DC,M.Chinnaswamy Stadium
1178396,2019-04-07,2019,Sawai Mansingh Stadium,Jaipur,Rajasthan Royals,Kolkata Knight Riders,Kolkata Knight Riders,field,Kolkata Knight Riders,,8.0,HF Gurney,True,KKR,Sawai Mansingh Stadium
1178397,2019-04-08,2019,Punjab Cricket Association IS Bindra Stadium,Chandigarh,Sunrisers Hyderabad,Punjab Kings,Punjab Kings,field,Punjab Kings,,6.0,KL Rahul,True,PBKS,Punjab Cricket Association IS Bindra Stadium
1178398,2019-04-09,2019,MA Chidambaram Stadium,Chennai,Kolkata Knight Riders,Chennai Super Kings,Chennai Super Kings,field,Chennai Super Kings,,7.0,DL Chahar,True,CSK,MA Chidambaram Stadium
1178399,2019-04-10,2019,Wankhede Stadium,Mumbai,Punjab Kings,Mumbai Indians,Mumbai Indians,field,Mumbai Indians,,3.0,KA Pollard,True,MI,Wankhede Stadium
1178400,2019-04-11,2019,Sawai Mansingh Stadium,Jaipur,Rajasthan Royals,Chennai Super Kings,Chennai Super Kings,field,Chennai Super Kings,,4.0,MS Dhoni,True,CSK,Sawai Mansingh Stadium
1178401,2019-04-12,2019,Eden Gardens,Kolkata,Kolkata Knight Riders,Delhi Capitals,Delhi Capitals,field,Delhi Capitals,,7.0,S Dhawan,True,DC,Eden Gardens
1178402,2019-04-13,2019,Wankhede Stadium,Mumbai,Mumbai Indians,Rajasthan Royals,Rajasthan Royals,field,Rajasthan Royals,,4.0,JC Buttler,True,RR,Wankhede Stadium
1178403,2019-04-13,2019,Punjab Cricket Association IS Bindra Stadium,Chandigarh,Punjab Kings,Royal Challengers Bengaluru,Royal Challengers Bengaluru,field,Royal Challengers Bengaluru,,8.0,AB de Villiers,True,RCB,Punjab Cricket Association IS Bindra Stadium
1178404,2019-04-14,2019,Eden Gardens,Kolkata,Kolkata Knight Riders,Chennai Super Kings,Chennai Super Kings,field,Chennai Super Kings,,5.0,Imran Tahir,True,CSK,Eden Gardens
1178405,2019-04-14,2019,Rajiv Gandhi International Stadium,Hyderabad,Delhi Capitals,Sunrisers Hyderabad,Sunrisers Hyderabad,field,Delhi Capitals,39.0,,KMA Paul,False,DC,Rajiv Gandhi International Stadium
1178406,2019-04-15,2019,Wankhede Stadium,Mumbai,Royal Challengers Bengaluru,Mumbai Indians,Mumbai Indians,field,Mumbai Indians,,5.0,SL Malinga,True,MI,Wankhede Stadium
1178407,2019-04-16,2019,Punjab Cricket Association IS Bindra Stadium,Chandigarh,Punjab Kings,Rajasthan Royals,Rajasthan Royals,field,Punjab Kings,12.0,,R Ashwin,False,PBKS,Punjab Cricket Association IS Bindra Stadium
1178408,2019-04-17,2019,Rajiv Gandhi International Stadium,Hyderabad,Chennai Super Kings,Sunrisers Hyderabad,Chennai Super Kings,bat,Sunrisers Hyderabad,,6.0,DA Warner,False,SRH,Rajiv Gandhi International Stadium
1178409,2019-04-18,2019,Arun Jaitley Stadium,Delhi,Mumbai Indians,Delhi Capitals,Mumbai Indians,bat,Mumbai Indians,40.0,,HH Pandya,True,MI,Arun Jaitley Stadium
1178410,2019-04-19,2019,Eden Gardens,Kolkata,Royal Challengers Bengaluru,Kolkata Knight Riders,Kolkata Knight Riders,field,Royal Challengers Bengaluru,10.0,,V Kohli,False,RCB,Eden Gardens
1178411,2019-04-20,2019,Sawai Mansingh Stadium,Jaipur,Mumbai Indians,Rajasthan Royals,Rajasthan Royals,field,Rajasthan Royals,,5.0,SPD Smith,True,RR,Sawai Mansingh Stadium
1178412,2019-04-20,2019,Arun Jaitley Stadium,Delhi,Punjab Kings,Delhi Capitals,Delhi Capitals,field,Delhi Capitals,,5.0,SS Iyer,True,DC,Arun Jaitley Stadium
1178413,2019-04-21,2019,Rajiv Gandhi International Stadium,Hyderabad,Kolkata Knight Riders,Sunrisers Hyderabad,Sunrisers Hyderabad,field,Sunrisers Hyderabad,,9.0,KK Ahmed,True,SRH,Rajiv Gandhi International Stadium
1178414,2019-04-21,2019,M.Chinnaswamy Stadium,Bengaluru,Royal Challengers Bengaluru,Chennai Super Kings,Chennai Super Kings,field,Royal Challengers Bengaluru,1.0,,PA Patel,False,RCB,M.Chinnaswamy Stadium
1178415,2019-04-22,2019,Sawai Mansingh Stadium,Jaipur,Rajasthan Royals,Delhi Capitals,Delhi Capitals,field,Delhi Capitals,,6.0,RR Pant,True,DC,Sawai Mansingh Stadium
1178416,2019-04-23,2019,MA Chidambaram Stadium,Chennai,Sunrisers Hyderabad,Chennai Super Kings,Chennai Super Kings,field,Chennai Super Kings,,6.0,SR Watson,True,CSK,MA Chidambaram Stadium
1178417,2019-04-24,2019,M.Chinnaswamy Stadium,Bengaluru,Royal Challengers Bengaluru,Punjab Kings,Punjab Kings,field,Royal Challengers Bengaluru,17.0,,AB de Villiers,False,RCB,M.Chinnaswamy Stadium
1178418,2019-04-25,2019,Eden Gardens,Kolkata,Kolkata Knight Riders,Rajasthan Royals,Rajasthan Royals,field,Rajasthan Royals,,3.0,VR Aaron,True,RR,Eden Gardens
1178419,2019-04-26,2019,MA Chidambaram Stadium,Chennai,Mumbai Indians,Chennai Super Kings,Chennai Super Kings,field,Mumbai Indians,46.0,,RG Sharma,False,MI,MA Chidambaram Stadium
1178420,2019-04-27,2019,Sawai Mansingh Stadium,Jaipur,Sunrisers Hyderabad,Rajasthan Royals,Rajasthan Royals,field,Rajasthan Royals,,7.0,JD Unadkat,True,RR,Sawai Mansingh Stadium
1178421,2019-04-28,2019,Arun Jaitley Stadium,Delhi,Delhi Capitals,Royal Challengers Bengaluru,Delhi Capitals,bat,Delhi Capitals,16.0,,S Dhawan,True,DC,Arun Jaitley Stadium
1178422,2019-04-28,2019,Eden Gardens,Kolkata,Kolkata Knight Riders,Mumbai Indians,Mumbai Indians,field,Kolkata Knight Riders,34.0,,AD Russell,False,KKR,Eden Gardens
1178423,2019-04-29,2019,Rajiv Gandhi International Stadium,Hyderabad,Sunrisers Hyderabad,Punjab Kings,Punjab Kings,field,Sunrisers Hyderabad,45.0,,DA Warner,False,SRH,Rajiv Gandhi International Stadium
1178425,2019-05-01,2019,MA Chidambaram Stadium,Chennai,Chennai Super Kings,Delhi Capitals,Delhi Capitals,field,Chennai Super Kings,80.0,,MS Dhoni,False,CSK,MA Chidambaram Stadium
1178427,2019-05-03,2019,Punjab Cricket Association IS Bindra Stadium,Chandigarh,Punjab Kings,Kolkata Knight Riders,Kolkata Knight Riders,field,Kolkata Knight Riders,,7.0,Shubman Gill,True,KKR,Punjab Cricket Association IS Bindra Stadium
1178428,2019-05-04,2019,Arun Jaitley Stadium,Delhi,Rajasthan Royals,Delhi Capitals,Rajasthan Royals,bat,Delhi Capitals,,5.0,A Mishra,False,DC,Arun Jaitley Stadium
1178429,2019-05-04,2019,M.Chinnaswamy Stadium,Bengaluru,Sunrisers Hyderabad,Royal Challengers Bengaluru,Royal Challengers Bengaluru,field,Royal Challengers Bengaluru,,4.0,SO Hetmyer,True,RCB,M.Chinnaswamy Stadium
1178430,2019-05-05,2019,Punjab Cricket Association IS Bindra Stadium,Chandigarh,Chennai Super Kings,Punjab Kings,Punjab Kings,field,Punjab Kings,,6.0,KL Rahul,True,PBKS,Punjab Cricket Association IS Bindra Stadium
1178431,2019-05-05,2019,Wankhede Stadium,Mumbai,Kolkata Knight Riders,Mumbai Indians,Mumbai Indians,field,Mumbai Indians,,9.0,HH Pandya,True,MI,Wankhede Stadium
1181764,2019-05-07,2019,MA Chidambaram Stadium,Chennai,Chennai Super Kings,Mumbai Indians,Chennai Super Kings,bat,Mumbai Indians,,6.0,SA Yadav,False,MI,MA Chidambaram Stadium
1181766,2019-05-08,2019,Dr. Y.S. Rajasekhara Reddy ACA-VDCA Cricket Stadium,Visakhapatnam,Sunrisers Hyderabad,Delhi Capitals,Delhi Capitals,field,Delhi Capitals,,2.0,RR Pant,True,DC,Dr. Y.S. Rajasekhara Reddy ACA-VDCA Cricket Stadium
1181767,2019-05-10,2019,Dr. Y.S. Rajasekhara Reddy ACA-VDCA Cricket Stadium,Visakhapatnam,Delhi Capitals,Chennai Super Kings,Chennai Super Kings,field,Chennai Super Kings,,6.0,F du Plessis,True,CSK,Dr. Y.S. Rajasekhara Reddy ACA-VDCA Cricket Stadium
1181768,2019-05-12,2019,Rajiv Gandhi International Stadium,Hyderabad,Mumbai Indians,Chennai Super Kings,Mumbai Indians,bat,Mumbai Indians,1.0,,JJ Bumrah,True,MI,Rajiv Gandhi International Stadium
1216492,2020-09-19,2020,Sheikh Zayed Stadium,Abu Dhabi,Mumbai Indians,Chennai Super Kings,Chennai Super Kings,field,Chennai Super Kings,,5.0,AT Rayudu,True,CSK,Sheikh Zayed Stadium
1216494,2020-10-21,2020,Sheikh Zayed Stadium,Abu Dhabi,Kolkata Knight Riders,Royal Challengers Bengaluru,Kolkata Knight Riders,bat,Royal Challengers Bengaluru,,8.0,Mohammed Siraj,False,RCB,Sheikh Zayed Stadium
1216495,2020-11-03,2020,Sharjah Cricket Stadium,,Mumbai Indians,Sunrisers Hyderabad,Sunrisers Hyderabad,field,Sunrisers Hyderabad,,10.0,S Nadeem,True,SRH,Sharjah Cricket Stadium
1216496,2020-09-22,2020,Sharjah Cricket Stadium,,Rajasthan Royals,Chennai Super Kings,Chennai Super Kings,field,Rajasthan Royals,16.0,,SV Samson,False,RR,Sharjah Cricket Stadium
1216497,2020-10-24,2020,Sheikh Zayed Stadium,Abu Dhabi,Kolkata Knight Riders,Delhi Capitals,Delhi Capitals,field,Kolkata Knight Riders,59.0,,CV Varun,False,KKR,Sheikh Zayed Stadium
1216498,2020-10-24,2020,Dubai International Cricket Stadium,,Punjab Kings,Sunrisers Hyderabad,Sunrisers Hyderabad,field,Punjab Kings,12.0,,CJ Jordan,False,PBKS,Dubai International Cricket Stadium
1216499,2020-10-28,2020,Sheikh Zayed Stadium,Abu Dhabi,Royal Challengers Bengaluru,Mumbai Indians,Mumbai Indians,field,Mumbai Indians,,5.0,SA Yadav,True,MI,Sheikh Zayed Stadium
1216500,2020-10-09,2020,Sharjah Cricket Stadium,,Delhi Capitals,Rajasthan Royals,Rajasthan Royals,field,Delhi Capitals,46.0,,R Ashwin,False,DC,Sharjah Cricket Stadium
1216501,2020-10-07,2020,Sheikh Zayed Stadium,Abu Dhabi,Kolkata Knight Riders,Chennai Super Kings,Kolkata Knight Riders,bat,Kolkata Knight Riders,10.0,,RA Tripathi,True,KKR,Sheikh Zayed Stadium
1216502,2020-10-31,2020,Sharjah Cricket Stadium,,Royal Challengers Bengaluru,Sunrisers Hyderabad,Sunrisers Hyderabad,field,Sunrisers Hyderabad,,5.0,Sandeep Sharma,True,SRH,Sharjah Cricket Stadium
1216503,2020-10-01,2020,Sheikh Zayed Stadium,Abu Dhabi,Mumbai Indians,Punjab Kings,Punjab Kings,field,Mumbai Indians,48.0,,KA Pollard,False,MI,Sheikh Zayed Stadium
1216504,2020-09-30,2020,Dubai International Cricket Stadium,,Kolkata Knight Riders,Rajasthan Royals,Rajasthan Royals,field,Kolkata Knight Riders,37.0,,Shivam Mavi,False,KKR,Dubai International Cricket Stadium
1216505,2020-11-02,2020,Sheikh Zayed Stadium,Abu Dhabi,Royal Challengers Bengaluru,Delhi Capitals,Delhi Capitals,field,Delhi Capitals,,6.0,A Nortje,True,DC,Sheikh Zayed Stadium
1216506,2020-11-01,2020,Sheikh Zayed Stadium,Abu Dhabi,Punjab Kings,Chennai Super Kings,Chennai Super Kings,field,Chennai Super Kings,,9.0,RD Gaikwad,True,CSK,Sheikh Zayed Stadium
1216507,2020-10-11,2020,Dubai International Cricket Stadium,,Sunrisers Hyderabad,Rajasthan Royals,Sunrisers Hyderabad,bat,Rajasthan Royals,,5.0,R Tewatia,False,RR,Dubai International Cricket Stadium
1216508,2020-09-23,2020,Sheikh Zayed Stadium,Abu Dhabi,Mumbai Indians,Kolkata Knight Riders,Kolkata Knight Riders,field,Mumbai Indians,49.0,,RG Sharma,False,MI,Sheikh Zayed Stadium
1216509,2020-10-17,2020,Sharjah Cricket Stadium,,Chennai Super Kings,Delhi Capitals,Chennai Super Kings,bat,Delhi Capitals,,5.0,S Dhawan,False,DC,Sharjah Cricket Stadium
1216510,2020-09-24,2020,Dubai International Cricket Stadium,,Punjab Kings,Royal Challengers Bengaluru,Royal Challengers Bengaluru,field,Punjab Kings,97.0,,KL Rahul,False,PBKS,Dubai International Cricket Stadium
1216511,2020-10-06,2020,Sheikh Zayed Stadium,Abu Dhabi,Mumbai Indians,Rajasthan Royals,Mumbai Indians,bat,Mumbai Indians,57.0,,SA Yadav,True,MI,Sheikh Zayed Stadium
1216513,2020-10-04,2020,Dubai International Cricket Stadium,,Punjab Kings,Chennai Super Kings,Punjab Kings,bat,Chennai Super Kings,,10.0,SR Watson,False,CSK,Dubai International Cricket Stadium
1216514,2020-10-03,2020,Sheikh Zayed Stadium,Abu Dhabi,Rajasthan Royals,Royal Challengers Bengaluru,Rajasthan Royals,bat,Royal Challengers Bengaluru,,8.0,YS Chahal,False,RCB,Sheikh Zayed Stadium
1216515,2020-10-03,2020,Sharjah Cricket Stadium,,Delhi Capitals,Kolkata Knight Riders,Kolkata Knight Riders,field,Delhi Capitals,18.0,,SS Iyer,False,DC,Sharjah Cricket Stadium
1216516,2020-10-02,2020,Dubai International Cricket Stadium,,Sunrisers Hyderabad,Chennai Super Kings,Sunrisers Hyderabad,bat,Sunrisers Hyderabad,7.0,,PK Garg,True,SRH,Dubai International Cricket Stadium
1216518,2020-10-22,2020,Dubai International Cricket Stadium,,Rajasthan Royals,Sunrisers Hyderabad,Sunrisers Hyderabad,field,Sunrisers Hyderabad,,8.0,MK Pandey,True,SRH,Dubai International Cricket Stadium
1216519,2020-10-05,2020,Dubai International Cricket Stadium,,Delhi Capitals,Royal Challengers Bengaluru,Royal Challengers Bengaluru,field,Delhi Capitals,59.0,,AR Patel,False,DC,Dubai International Cricket Stadium
1216520,2020-10-26,2020,Sharjah Cricket Stadium,,Kolkata Knight Riders,Punjab Kings,Punjab Kings,field,Punjab Kings,,8.0,CH Gayle,True,PBKS,Sharjah Cricket Stadium
1216521,2020-10-23,2020,Sharjah Cricket Stadium,,Chennai Super Kings,Mumbai Indians,Mumbai Indians,field,Mumbai Indians,,10.0,TA Boult,True,MI,Sharjah Cricket Stadium
1216522,2020-10-17,2020,Dubai International Cricket Stadium,,Rajasthan Royals,Royal Challengers Bengaluru,Rajasthan Royals,bat,Royal Challengers Bengaluru,,7.0,AB de Villiers,False,RCB,Dubai International Cricket Stadium
1216523,2020-10-10,2020,Sheikh Zayed Stadium,Abu Dhabi,Kolkata Knight Riders,Punjab Kings,Kolkata Knight Riders,bat,Kolkata Knight Riders,2.0,,KD Karthik,True,KKR,Sheikh Zayed Stadium
1216524,2020-10-27,2020,Dubai International Cricket Stadium,,Sunrisers Hyderabad,Delhi Capitals,Delhi Capitals,field,Sunrisers Hyderabad,88.0,,WP Saha,False,SRH,Dubai International Cricket Stadium
1216525,2020-10-10,2020,Dubai International Cricket Stadium,,Royal Challengers Bengaluru,Chennai Super Kings,Royal Challengers Bengaluru,bat,Royal Challengers Bengaluru,37.0,,V Kohli,True,RCB,Dubai International Cricket Stadium
1216526,2020-10-16,2020,Sheikh Zayed Stadium,Abu Dhabi,Kolkata Knight Riders,Mumbai Indians,Kolkata Knight Riders,bat,Mumbai Indians,,8.0,Q de Kock,False,MI,Sheikh Zayed Stadium
1216527,2020-09-27,2020,Sharjah Cricket Stadium,,Punjab Kings,Rajasthan Royals,Rajasthan Royals,field,Rajasthan Royals,,4.0,SV Samson,True,RR,Sharjah Cricket Stadium
1216528,2020-10-13,2020,Dubai International Cricket Stadium,,Chennai Super Kings,Sunrisers Hyderabad,Chennai Super Kings,bat,Chennai Super Kings,20.0,,RA Jadeja,True,CSK,Dubai International Cricket Stadium
1216529,2020-10-11,2020,Sheikh Zayed Stadium,Abu Dhabi,Delhi Capitals,Mumbai Indians,Delhi Capitals,bat,Mumbai Indians,,5.0,Q de Kock,False,MI,Sheikh Zayed Stadium
1216530,2020-11-01,2020,Dubai International Cricket Stadium,,Kolkata Knight Riders,Rajasthan Royals,Rajasthan Royals,field,Kolkata Knight Riders,60.0,,PJ Cummins,False,KKR,Dubai International Cricket Stadium
1216531,2020-10-15,2020,Sharjah Cricket Stadium,,Royal Challengers Bengaluru,Punjab Kings,Royal Challengers Bengaluru,bat,Punjab Kings,,8.0,KL Rahul,False,PBKS,Sharjah Cricket Stadium
1216532,2020-09-29,2020,Sheikh Zayed Stadium,Abu Dhabi,Sunrisers Hyderabad,Delhi Capitals,Delhi Capitals,field,Sunrisers Hyderabad,15.0,,Rashid Khan,False,SRH,Sheikh Zayed Stadium
1216533,2020-10-19,2020,Sheikh Zayed Stadium,Abu Dhabi,Chennai Super Kings,Rajasthan Royals,Chennai Super Kings,bat,Rajasthan Royals,,7.0,JC Buttler,False,RR,Sheikh Zayed Stadium
1216534,2020-09-21,2020,Dubai International Cricket Stadium,,Royal Challengers Bengaluru,Sunrisers Hyderabad,Sunrisers Hyderabad,field,Royal Challengers Bengaluru,10.0,,YS Chahal,False,RCB,Dubai International Cricket Stadium
1216535,2020-10-31,2020,Dubai International Cricket Stadium,,Delhi Capitals,Mumbai Indians,Mumbai Indians,field,Mumbai Indians,,9.0,Ishan Kishan,True,MI,Dubai International Cricket Stadium
1216536,2020-10-29,2020,Dubai International Cricket Stadium,,Kolkata Knight Riders,Chennai Super Kings,Chennai Super Kings,field,Chennai Super Kings,,6.0,RD Gaikwad,True,CSK,Dubai International Cricket Stadium
1216537,2020-10-30,2020,Sheikh Zayed Stadium,Abu Dhabi,Punjab Kings,Rajasthan Royals,Rajasthan Royals,field,Rajasthan Royals,,7.0,BA Stokes,True,RR,Sheikh Zayed Stadium
1216538,2020-10-04,2020,Sharjah Cricket Stadium,,Mumbai Indians,Sunrisers Hyderabad,Mumbai Indians,bat,Mumbai Indians,34.0,,TA Boult,True,MI,Sharjah Cricket Stadium
1216539,2020-09-25,2020,Dubai International Cricket Stadium,,Delhi Capitals,Chennai Super Kings,Chennai Super Kings,field,Delhi Capitals,44.0,,PP Shaw,False,DC,Dubai International Cricket Stadium
1216540,2020-10-12,2020,Sharjah Cricket Stadium,,Royal Challengers Bengaluru,Kolkata Knight Riders,Royal Challengers Bengaluru,bat,Royal Challengers Bengaluru,82.0,,AB de Villiers,True,RCB,Sharjah Cricket Stadium
1216541,2020-10-25,2020,Sheikh Zayed Stadium,Abu Dhabi,Mumbai Indians,Rajasthan Royals,Mumbai Indians,bat,Rajasthan Royals,,8.0,BA Stokes,False,RR,Sheikh Zayed Stadium
1216542,2020-10-08,2020,Dubai International Cricket Stadium,,Sunrisers Hyderabad,Punjab Kings,Sunrisers Hyderabad,bat,Sunrisers Hyderabad,69.0,,JM Bairstow,True,SRH,Dubai International Cricket Stadium
1216543,2020-10-14,2020,Dubai International Cricket Stadium,,Delhi Capitals,Rajasthan Royals,Delhi Capitals,bat,Delhi Capitals,13.0,,A Nortje,True,DC,Dubai International Cricket Stadium
1216544,2020-10-25,2020,Dubai International Cricket Stadium,,Royal Challengers Bengaluru,Chennai Super Kings,Royal Challengers Bengaluru,bat,Chennai Super Kings,,8.0,RD Gaikwad,False,CSK,Dubai International Cricket Stadium
1216545,2020-09-26,2020,Sheikh Zayed Stadium,Abu Dhabi,Sunrisers Hyderabad,Kolkata Knight Riders,Sunrisers Hyderabad,bat,Kolkata Knight Riders,,7.0,Shubman Gill,False,KKR,Sheikh Zayed Stadium
1216546,2020-10-20,2020,Dubai International Cricket Stadium,,Delhi Capitals,Punjab Kings,Delhi Capitals,bat,Punjab Kings,,5.0,S Dhawan,False,PBKS,Dubai International Cricket Stadium
1237177,2020-11-05,2020,Dubai International Cricket Stadium,,Mumbai Indians,Delhi Capitals,Delhi Capitals,field,Mumbai Indians,57.0,,JJ Bumrah,False,MI,Dubai International Cricket Stadium
1237178,2020-11-06,2020,Sheikh Zayed Stadium,Abu Dhabi,Royal Challengers Bengaluru,Sunrisers Hyderabad,Sunrisers Hyderabad,field,Sunrisers Hyderabad,,6.0,KS Williamson,True,SRH,Sheikh Zayed Stadium
1237180,2020-11-08,2020,Sheikh Zayed Stadium,Abu Dhabi,Delhi Capitals,Sunrisers Hyderabad,Delhi Capitals,bat,Delhi Capitals,17.0,,MP Stoinis,True,DC,Sheikh Zayed Stadium
1237181,2020-11-10,2020,Dubai International Cricket Stadium,,Delhi Capitals,Mumbai Indians,Delhi Capitals,bat,Mumbai Indians,,5.0,TA Boult,False,MI,Dubai International Cricket Stadium
1254058,2021-04-09,2021,"MA Chidambaram Stadium, Chepauk, Chennai",Chennai,Mumbai Indians,Royal Challengers Bengaluru,Royal Challengers Bengaluru,field,Royal Challengers Bengaluru,,2.0,HV Patel,True,RCB,MA Chidambaram Stadium
1254059,2021-04-10,2021,"Wankhede Stadium, Mumbai",Mumbai,Chennai Super Kings,Delhi Capitals,Delhi Capitals,field,Delhi Capitals,,7.0,S Dhawan,True,DC,Wankhede Stadium
1254060,2021-04-11,2021,"MA Chidambaram Stadium, Chepauk, Chennai",Chennai,Kolkata Knight Riders,Sunrisers Hyderabad,Sunrisers Hyderabad,field,Kolkata Knight Riders,10.0,,N Rana,False,KKR,MA Chidambaram Stadium
1254061,2021-04-12,2021,"Wankhede Stadium, Mumbai",Mumbai,Punjab Kings,Rajasthan Royals,Rajasthan Royals,field,Punjab Kings,4.0,,SV Samson,False,PBKS,Wankhede Stadium
1254062,2021-04-13,2021,"MA Chidambaram Stadium, Chepauk, Chennai",Chennai,Mumbai Indians,Kolkata Knight Riders,Kolkata Knight Riders,field,Mumbai Indians,10.0,,RD Chahar,False,MI,MA Chidambaram Stadium
1254063,2021-04-14,2021,"MA Chidambaram Stadium, Chepauk, Chennai",Chennai,Royal Challengers Bengaluru,Sunrisers Hyderabad,Sunrisers Hyderabad,field,Royal Challengers Bengaluru,6.0,,GJ Maxwell,False,RCB,MA Chidambaram Stadium
1254064,2021-04-15,2021,"Wankhede Stadium, Mumbai",Mumbai,Delhi Capitals,Rajasthan Royals,Rajasthan Royals,field,Rajasthan Royals,,3.0,JD Unadkat,True,RR,Wankhede Stadium
1254065,2021-04-16,2021,"Wankhede Stadium, Mumbai",Mumbai,Punjab Kings,Chennai Super Kings,Chennai Super Kings,field,Chennai Super Kings,,6.0,DL Chahar,True,CSK,Wankhede Stadium
1254066,2021-04-17,2021,"MA Chidambaram Stadium, Chepauk, Chennai",Chennai,Mumbai Indians,Sunrisers Hyderabad,Mumbai Indians,bat,Mumbai Indians,13.0,,KA Pollard,True,MI,MA Chidambaram Stadium
1254067,2021-04-18,2021,"MA Chidambaram Stadium, Chepauk, Chennai",Chennai,Royal Challengers Bengaluru,Kolkata Knight Riders,Royal Challengers Bengaluru,bat,Royal Challengers Bengaluru,38.0,,AB de Villiers,True,RCB,MA Chidambaram Stadium
1254068,2021-04-18,2021,"Wankhede Stadium, Mumbai",Mumbai,Punjab Kings,Delhi Capitals,Delhi Capitals,field,Delhi Capitals,,6.0,S Dhawan,True,DC,Wankhede Stadium
1254069,2021-04-19,2021,"Wankhede Stadium, Mumbai",Mumbai,Chennai Super Kings,Rajasthan Royals,Rajasthan Royals,field,Chennai Super Kings,45.0,,MM Ali,False,CSK,Wankhede Stadium
1254070,2021-04-20,2021,"MA Chidambaram Stadium, Chepauk, Chennai",Chennai,Mumbai Indians,Delhi Capitals,Mumbai Indians,bat,Delhi Capitals,,6.0,A Mishra,False,DC,MA Chidambaram Stadium
1254071,2021-04-21,2021,"MA Chidambaram Stadium, Chepauk, Chennai",Chennai,Punjab Kings,Sunrisers Hyderabad,Punjab Kings,bat,Sunrisers Hyderabad,,9.0,JM Bairstow,False,SRH,MA Chidambaram Stadium
1254072,2021-04-21,2021,"Wankhede Stadium, Mumbai",Mumbai,Chennai Super Kings,Kolkata Knight Riders,Kolkata Knight Riders,field,Chennai Super Kings,18.0,,F du Plessis,False,CSK,Wankhede Stadium
1254073,2021-04-22,2021,"Wankhede Stadium, Mumbai",Mumbai,Rajasthan Royals,Royal Challengers Bengaluru,Royal Challengers Bengaluru,field,Royal Challengers Bengaluru,,10.0,D Padikkal,True,RCB,Wankhede Stadium
1254074,2021-04-23,2021,"MA Chidambaram Stadium, Chepauk, Chennai",Chennai,Mumbai Indians,Punjab Kings,Punjab Kings,field,Punjab Kings,,9.0,KL Rahul,True,PBKS,MA Chidambaram Stadium
1254075,2021-04-24,2021,"Wankhede Stadium, Mumbai",Mumbai,Kolkata Knight Riders,Rajasthan Royals,Rajasthan Royals,field,Rajasthan Royals,,6.0,CH Morris,True,RR,Wankhede Stadium
1254076,2021-04-25,2021,"Wankhede Stadium, Mumbai",Mumbai,Chennai Super Kings,Royal Challengers Bengaluru,Chennai Super Kings,bat,Chennai Super Kings,69.0,,RA Jadeja,True,CSK,Wankhede Stadium
1254078,2021-04-26,2021,"Narendra Modi Stadium, Ahmedabad",Ahmedabad,Punjab Kings,Kolkata Knight Riders,Kolkata Knight Riders,field,Kolkata Knight Riders,,5.0,EJG Morgan,True,KKR,Narendra Modi Stadium
1254079,2021-04-27,2021,"Narendra Modi Stadium, Ahmedabad",Ahmedabad,Royal Challengers Bengaluru,Delhi Capitals,Delhi Capitals,field,Royal Challengers Bengaluru,1.0,,AB de Villiers,False,RCB,Narendra Modi Stadium
1254080,2021-04-28,2021,"Arun Jaitley Stadium, Delhi",Delhi,Sunrisers Hyderabad,Chennai Super Kings,Sunrisers Hyderabad,bat,Chennai Super Kings,,7.0,RD Gaikwad,False,CSK,Arun Jaitley Stadium
1254081,2021-04-29,2021,"Arun Jaitley Stadium, Delhi",Delhi,Rajasthan Royals,Mumbai Indians,Mumbai Indians,field,Mumbai Indians,,7.0,Q de Kock,True,MI,Arun Jaitley Stadium
1254082,2021-04-29,2021,"Narendra Modi Stadium, Ahmedabad",Ahmedabad,Kolkata Knight Riders,Delhi Capitals,Delhi Capitals,field,Delhi Capitals,,7.0,PP Shaw,True,DC,Narendra Modi Stadium
1254083,2021-04-30,2021,"Narendra Modi Stadium, Ahmedabad",Ahmedabad,Punjab Kings,Royal Challengers Bengaluru,Royal Challengers Bengaluru,field,Punjab Kings,34.0,,Harpreet Brar,False,PBKS,Narendra Modi Stadium
1254084,2021-05-01,2021,"Arun Jaitley Stadium, Delhi",Delhi,Chennai Super Kings,Mumbai Indians,Mumbai Indians,field,Mumbai Indians,,4.0,KA Pollard,True,MI,Arun Jaitley Stadium
1254085,2021-05-02,2021,"Arun Jaitley Stadium, Delhi",Delhi,Rajasthan Royals,Sunrisers Hyderabad,Sunrisers Hyderabad,field,Rajasthan Royals,55.0,,JC Buttler,False,RR,Arun Jaitley Stadium
1254086,2021-05-02,2021,"Narendra Modi Stadium, Ahmedabad",Ahmedabad,Punjab Kings,Delhi Capitals,Delhi Capitals,field,Delhi Capitals,,7.0,MA Agarwal,True,DC,Narendra Modi Stadium
1254087,2021-09-20,2021,"Zayed Cricket Stadium, Abu Dhabi",Abu Dhabi,Royal Challengers Bengaluru,Kolkata Knight Riders,Royal Challengers Bengaluru,bat,Kolkata Knight Riders,,9.0,CV Varun,False,KKR,Zayed Cricket Stadium
1254088,2021-10-08,2021,"Zayed Cricket Stadium, Abu Dhabi",Abu Dhabi,Mumbai Indians,Sunrisers Hyderabad,Mumbai Indians,bat,Mumbai Indians,42.0,,Ishan Kishan,True,MI,Zayed Cricket Stadium
1254089,2021-10-02,2021,"Zayed Cricket Stadium, Abu Dhabi",Abu Dhabi,Chennai Super Kings,Rajasthan Royals,Rajasthan Royals,field,Rajasthan Royals,,7.0,RD Gaikwad,True,RR,Zayed Cricket Stadium
1254090,2021-10-03,2021,Sharjah Cricket Stadium,Sharjah,Royal Challengers Bengaluru,Punjab Kings,Royal Challengers Bengaluru,bat,Royal Challengers Bengaluru,6.0,,GJ Maxwell,True,RCB,Sharjah Cricket Stadium
1254091,2021-09-30,2021,Sharjah Cricket Stadium,Sharjah,Sunrisers Hyderabad,Chennai Super Kings,Chennai Super Kings,field,Chennai Super Kings,,6.0,JR Hazlewood,True,CSK,Sharjah Cricket Stadium
1254092,2021-09-28,2021,Sharjah Cricket Stadium,Sharjah,Delhi Capitals,Kolkata Knight Riders,Kolkata Knight Riders,field,Kolkata Knight Riders,,3.0,SP Narine,True,KKR,Sharjah Cricket Stadium
1254093,2021-10-05,2021,Sharjah Cricket Stadium,Sharjah,Rajasthan Royals,Mumbai Indians,Mumbai Indians,field,Mumbai Indians,,8.0,NM Coulter-Nile,True,MI,Sharjah Cricket Stadium
1254094,2021-10-07,2021,Dubai International Cricket Stadium,Dubai,Chennai Super Kings,Punjab Kings,Punjab Kings,field,Punjab Kings,,6.0,KL Rahul,True,PBKS,Dubai International Cricket Stadium
1254095,2021-10-06,2021,"Zayed Cricket Stadium, Abu Dhabi",Abu Dhabi,Sunrisers Hyderabad,Royal Challengers Bengaluru,Royal Challengers Bengaluru,field,Sunrisers Hyderabad,4.0,,KS Williamson,False,SRH,Zayed Cricket Stadium
1254096,2021-09-23,2021,"Zayed Cricket Stadium, Abu Dhabi",Abu Dhabi,Mumbai Indians,Kolkata Knight Riders,Kolkata Knight Riders,field,Kolkata Knight Riders,,7.0,SP Narine,True,KKR,Zayed Cricket Stadium
1254097,2021-09-25,2021,"Zayed Cricket Stadium, Abu Dhabi",Abu Dhabi,Delhi Capitals,Rajasthan Royals,Rajasthan Royals,field,Delhi Capitals,33.0,,SS Iyer,False,DC,Zayed Cricket Stadium
1254098,2021-09-26,2021,"Zayed Cricket Stadium, Abu Dhabi",Abu Dhabi,Kolkata Knight Riders,Chennai Super Kings,Kolkata Knight Riders,bat,Chennai Super Kings,,2.0,RA Jadeja,False,CSK,Zayed Cricket Stadium
1254099,2021-09-28,2021,"Zayed Cricket Stadium, Abu Dhabi",Abu Dhabi,Punjab Kings,Mumbai Indians,Mumbai Indians,field,Mumbai Indians,,6.0,KA Pollard,True,MI,Zayed Cricket Stadium
1254100,2021-09-27,2021,Dubai International Cricket Stadium,Dubai,Rajasthan Royals,Sunrisers Hyderabad,Rajasthan Royals,bat,Sunrisers Hyderabad,,7.0,JJ Roy,False,SRH,Dubai International Cricket Stadium
1254101,2021-10-08,2021,Dubai International Cricket Stadium,Dubai,Delhi Capitals,Royal Challengers Bengaluru,Royal Challengers Bengaluru,field,Royal Challengers Bengaluru,,7.0,KS Bharat,True,RCB,Dubai International Cricket Stadium
1254102,2021-10-01,2021,Dubai International Cricket Stadium,Dubai,Kolkata Knight Riders,Punjab Kings,Punjab Kings,field,Punjab Kings,,5.0,KL Rahul,True,PBKS,Dubai International Cricket Stadium
1254103,2021-09-29,2021,Dubai International Cricket Stadium,Dubai,Rajasthan Royals,Royal Challengers Bengaluru,Royal Challengers Bengaluru,field,Royal Challengers Bengaluru,,7.0,YS Chahal,True,RCB,Dubai International Cricket Stadium
1254104,2021-09-19,2021,Dubai International Cricket Stadium,Dubai,Chennai Super Kings,Mumbai Indians,Chennai Super Kings,bat,Chennai Super Kings,20.0,,RD Gaikwad,True,CSK,Dubai International Cricket Stadium
1254105,2021-09-22,2021,Dubai International Cricket Stadium,Dubai,Sunrisers Hyderabad,Delhi Capitals,Sunrisers Hyderabad,bat,Delhi Capitals,,8.0,A Nortje,False,DC,Dubai International Cricket Stadium
1254106,2021-10-07,2021,Sharjah Cricket Stadium,Sharjah,Kolkata Knight Riders,Rajasthan Royals,Rajasthan Royals,field,Kolkata Knight Riders,86.0,,Shivam Mavi,False,KKR,Sharjah Cricket Stadium
1254107,2021-09-25,2021,Sharjah Cricket Stadium,Sharjah,Punjab Kings,Sunrisers Hyderabad,Sunrisers Hyderabad,field,Punjab Kings,5.0,,JO Holder,False,PBKS,Sharjah Cricket Stadium
1254108,2021-09-26,2021,Dubai International Cricket Stadium,Dubai,Royal Challengers Bengaluru,Mumbai Indians,Mumbai Indians,field,Royal Challengers Bengaluru,54.0,,GJ Maxwell,False,RCB,Dubai International Cricket Stadium
1254109,2021-10-03,2021,Dubai International Cricket Stadium,Dubai,Sunrisers Hyderabad,Kolkata Knight Riders,Sunrisers Hyderabad,bat,Kolkata Knight Riders,,6.0,Shubman Gill,False,KKR,Dubai International Cricket Stadium
1254110,2021-10-04,2021,Dubai International Cricket Stadium,Dubai,Chennai Super Kings,Delhi Capitals,Delhi Capitals,field,Delhi Capitals,,3.0,AR Patel,True,DC,Dubai International Cricket Stadium
1254111,2021-09-21,2021,Dubai International Cricket Stadium,Dubai,Rajasthan Royals,Punjab Kings,Punjab Kings,field,Rajasthan Royals,2.0,,Kartik Tyagi,False,RR,Dubai International Cricket Stadium
1254112,2021-10-02,2021,Sharjah Cricket Stadium,Sharjah,Mumbai Indians,Delhi Capitals,Delhi Capitals,field,Delhi Capitals,,4.0,AR Patel,True,DC,Sharjah Cricket Stadium
1254113,2021-09-24,2021,Sharjah Cricket Stadium,Sharjah,Royal Challengers Bengaluru,Chennai Super Kings,Chennai Super Kings,field,Chennai Super Kings,,6.0,DJ Bravo,True,CSK,Sharjah Cricket Stadium
1254114,2021-10-10,2021,Dubai International Cricket Stadium,Dubai,Delhi Capitals,Chennai Super Kings,Chennai Super Kings,field,Chennai Super Kings,,4.0,RD Gaikwad,True,CSK,Dubai International Cricket Stadium
1254115,2021-10-11,2021,Sharjah Cricket Stadium,Sharjah,Royal Challengers Bengaluru,Kolkata Knight Riders,Royal Challengers Bengaluru,bat,Kolkata Knight Riders,,4.0,SP Narine,False,KKR,Sharjah Cricket Stadium
1254116,2021-10-13,2021,Sharjah Cricket Stadium,Sharjah,Delhi Capitals,Kolkata Knight Riders,Kolkata Knight Riders,field,Kolkata Knight Riders,,3.0,VR Iyer,True,KKR,Sharjah Cricket Stadium
1254117,2021-10-15,2021,Dubai International Cricket Stadium,Dubai,Chennai Super Kings,Kolkata Knight Riders,Kolkata Knight Riders,field,Chennai Super Kings,27.0,,F du Plessis,False,CSK,Dubai International Cricket Stadium
1304047,2022-03-26,2022,"Wankhede Stadium, Mumbai",Mumbai,Chennai Super Kings,Kolkata Knight Riders,Kolkata Knight Riders,field,Kolkata Knight Riders,,6.0,UT Yadav,True,KKR,Wankhede Stadium
1304048,2022-03-27,2022,"Brabourne Stadium, Mumbai",Mumbai,Mumbai Indians,Delhi Capitals,Delhi Capitals,field,Delhi Capitals,,4.0,Kuldeep Yadav,True,DC,Brabourne Stadium
1304049,2022-03-27,2022,"Dr DY Patil Sports Academy, Mumbai",Mumbai,Royal Challengers Bengaluru,Punjab Kings,Punjab Kings,field,Punjab Kings,,5.0,OF Smith,True,PBKS,Dr DY Patil Sports Academy
1304050,2022-03-28,2022,"Wankhede Stadium, Mumbai",Mumbai,Lucknow Super Giants,Gujarat Titans,Gujarat Titans,field,Gujarat Titans,,5.0,Mohammed Shami,True,GT,Wankhede Stadium
1304051,2022-03-29,2022,"Maharashtra Cricket Association Stadium, Pune",Pune,Rajasthan Royals,Sunrisers Hyderabad,Sunrisers Hyderabad,field,Rajasthan Royals,61.0,,SV Samson,False,RR,Maharashtra Cricket Association Stadium
1304052,2022-03-30,2022,"Dr DY Patil Sports Academy, Mumbai",Mumbai,Kolkata Knight Riders,Royal Challengers Bengaluru,Royal Challengers Bengaluru,field,Royal Challengers Bengaluru,,3.0,PWH de Silva,True,RCB,Dr DY Patil Sports Academy
1304053,2022-03-31,2022,"Brabourne Stadium, Mumbai",Mumbai,Chennai Super Kings,Lucknow Super Giants,Lucknow Super Giants,field,Lucknow Super Giants,,6.0,E Lewis,True,LSG,Brabourne Stadium
1304054,2022-04-01,2022,"Wankhede Stadium, Mumbai",Mumbai,Punjab Kings,Kolkata Knight Riders,Kolkata Knight Riders,field,Kolkata Knight Riders,,6.0,UT Yadav,True,KKR,Wankhede Stadium
1304055,2022-04-02,2022,"Dr DY Patil Sports Academy, Mumbai",Mumbai,Rajasthan Royals,Mumbai Indians,Mumbai Indians,field,Rajasthan Royals,23.0,,JC Buttler,False,RR,Dr DY Patil Sports Academy
1304056,2022-04-02,2022,"Maharashtra Cricket Association Stadium, Pune",Pune,Gujarat Titans,Delhi Capitals,Delhi Capitals,field,Gujarat Titans,14.0,,LH Ferguson,False,GT,Maharashtra Cricket Association Stadium
1304057,2022-04-03,2022,"Brabourne Stadium, Mumbai",Mumbai,Punjab Kings,Chennai Super Kings,Chennai Super Kings,field,Punjab Kings,54.0,,LS Livingstone,False,PBKS,Brabourne Stadium
1304058,2022-04-04,2022,"Dr DY Patil Sports Academy, Mumbai",Mumbai,Lucknow Super Giants,Sunrisers Hyderabad,Sunrisers Hyderabad,field,Lucknow Super Giants,12.0,,Avesh Khan,False,LSG,Dr DY Patil Sports Academy
1304059,2022-04-05,2022,"Wankhede Stadium, Mumbai",Mumbai,Rajasthan Royals,Royal Challengers Bengaluru,Royal Challengers Bengaluru,field,Royal Challengers Bengaluru,,4.0,KD Karthik,True,RCB,Wankhede Stadium
1304060,2022-04-06,2022,"Maharashtra Cricket Association Stadium, Pune",Pune,Mumbai Indians,Kolkata Knight Riders,Kolkata Knight Riders,field,Kolkata Knight Riders,,5.0,PJ Cummins,True,KKR,Maharashtra Cricket Association Stadium
1304061,2022-04-07,2022,"Dr DY Patil Sports Academy, Mumbai",Mumbai,Delhi Capitals,Lucknow Super Giants,Lucknow Super Giants,field,Lucknow Super Giants,,6.0,Q de Kock,True,LSG,Dr DY Patil Sports Academy
1304062,2022-04-08,2022,"Brabourne Stadium, Mumbai",Mumbai,Punjab Kings,Gujarat Titans,Gujarat Titans,field,Gujarat Titans,,6.0,Shubman Gill,True,GT,Brabourne Stadium
1304063,2022-04-09,2022,"Dr DY Patil Sports Academy, Mumbai",Mumbai,Chennai Super Kings,Sunrisers Hyderabad,Sunrisers Hyderabad,field,Sunrisers Hyderabad,,8.0,Abhishek Sharma,True,SRH,Dr DY Patil Sports Academy
1304064,2022-04-09,2022,"Maharashtra Cricket Association Stadium, Pune",Pune,Mumbai Indians,Royal Challengers Bengaluru,Royal Challengers Bengaluru,field,Royal Challengers Bengaluru,,7.0,Anuj Rawat,True,RCB,Maharashtra Cricket Association Stadium
1304065,2022-04-10,2022,"Brabourne Stadium, Mumbai",Mumbai,Delhi Capitals,Kolkata Knight Riders,Kolkata Knight Riders,field,Delhi Capitals,44.0,,Kuldeep Yadav,False,DC,Brabourne Stadium
1304066,2022-04-10,2022,"Wankhede Stadium, Mumbai",Mumbai,Rajasthan Royals,Lucknow Super Giants,Lucknow Super Giants,field,Rajasthan Royals,3.0,,YS Chahal,False,RR,Wankhede Stadium
1304067,2022-04-11,2022,"Dr DY Patil Sports Academy, Mumbai",Mumbai,Gujarat Titans,Sunrisers Hyderabad,Sunrisers Hyderabad,field,Sunrisers Hyderabad,,8.0,KS Williamson,True,SRH,Dr DY Patil Sports Academy
1304068,2022-04-12,2022,"Dr DY Patil Sports Academy, Mumbai",Mumbai,Chennai Super Kings,Royal Challengers Bengaluru,Royal Challengers Bengaluru,field,Chennai Super Kings,23.0,,S Dube,False,CSK,Dr DY Patil Sports Academy
1304069,2022-04-13,2022,"Maharashtra Cricket Association Stadium, Pune",Pune,Punjab Kings,Mumbai Indians,Mumbai Indians,field,Punjab Kings,12.0,,MA Agarwal,False,PBKS,Maharashtra Cricket Association Stadium
1304070,2022-04-14,2022,"Dr DY Patil Sports Academy, Mumbai",Mumbai,Gujarat Titans,Rajasthan Royals,Rajasthan Royals,field,Gujarat Titans,37.0,,HH Pandya,False,GT,Dr DY Patil Sports Academy
1304071,2022-04-15,2022,"Brabourne Stadium, Mumbai",Mumbai,Kolkata Knight Riders,Sunrisers Hyderabad,Sunrisers Hyderabad,field,Sunrisers Hyderabad,,7.0,RA Tripathi,True,SRH,Brabourne Stadium
1304072,2022-04-16,2022,"Brabourne Stadium, Mumbai",Mumbai,Lucknow Super Giants,Mumbai Indians,Mumbai Indians,field,Lucknow Super Giants,18.0,,KL Rahul,False,LSG,Brabourne Stadium
1304073,2022-04-16,2022,"Wankhede Stadium, Mumbai",Mumbai,Royal Challengers Bengaluru,Delhi Capitals,Delhi Capitals,field,Royal Challengers Bengaluru,16.0,,KD Karthik,False,RCB,Wankhede Stadium
1304074,2022-04-17,2022,"Dr DY Patil Sports Academy, Mumbai",Mumbai,Punjab Kings,Sunrisers Hyderabad,Sunrisers Hyderabad,field,Sunrisers Hyderabad,,7.0,Umran Malik,True,SRH,Dr DY Patil Sports Academy
1304075,2022-04-17,2022,"Maharashtra Cricket Association Stadium, Pune",Pune,Chennai Super Kings,Gujarat Titans,Gujarat Titans,field,Gujarat Titans,,3.0,DA Miller,True,GT,Maharashtra Cricket Association Stadium
1304076,2022-04-18,2022,"Brabourne Stadium, Mumbai",Mumbai,Rajasthan Royals,Kolkata Knight Riders,Kolkata Knight Riders,field,Rajasthan Royals,7.0,,YS Chahal,False,RR,Brabourne Stadium
1304077,2022-04-19,2022,"Dr DY Patil Sports Academy, Mumbai",Mumbai,Royal Challengers Bengaluru,Lucknow Super Giants,Lucknow Super Giants,field,Royal Challengers Bengaluru,18.0,,F du Plessis,False,RCB,Dr DY Patil Sports Academy
1304078,2022-04-20,2022,"Brabourne Stadium, Mumbai",Mumbai,Punjab Kings,Delhi Capitals,Delhi Capitals,field,Delhi Capitals,,9.0,Kuldeep Yadav,True,DC,Brabourne Stadium
1304079,2022-04-21,2022,"Dr DY Patil Sports Academy, Mumbai",Navi Mumbai,Mumbai Indians,Chennai Super Kings,Chennai Super Kings,field,Chennai Super Kings,,3.0,Mukesh Choudhary,True,CSK,Dr DY Patil Sports Academy
1304080,2022-04-22,2022,"Wankhede Stadium, Mumbai",Mumbai,Rajasthan Royals,Delhi Capitals,Delhi Capitals,field,Rajasthan Royals,15.0,,JC Buttler,False,RR,Wankhede Stadium
1304081,2022-04-23,2022,"Dr DY Patil Sports Academy, Mumbai",Navi Mumbai,Gujarat Titans,Kolkata Knight Riders,Gujarat Titans,bat,Gujarat Titans,8.0,,Rashid Khan,True,GT,Dr DY Patil Sports Academy
1304082,2022-04-23,2022,"Brabourne Stadium, Mumbai",Mumbai,Royal Challengers Bengaluru,Sunrisers Hyderabad,Sunrisers Hyderabad,field,Sunrisers Hyderabad,,9.0,M Jansen,True,SRH,Brabourne Stadium
1304083,2022-04-24,2022,"Wankhede Stadium, Mumbai",Mumbai,Lucknow Super Giants,Mumbai Indians,Mumbai Indians,field,Lucknow Super Giants,36.0,,KL Rahul,False,LSG,Wankhede Stadium
1304084,2022-04-25,2022,"Wankhede Stadium, Mumbai",Mumbai,Punjab Kings,Chennai Super Kings,Chennai Super Kings,field,Punjab Kings,11.0,,S Dhawan,False,PBKS,Wankhede Stadium
1304085,2022-04-26,2022,"Maharashtra Cricket Association Stadium, Pune",Pune,Rajasthan Royals,Royal Challengers Bengaluru,Royal Challengers Bengaluru,field,Rajasthan Royals,29.0,,R Parag,False,RR,Maharashtra Cricket Association Stadium
1304086,2022-04-27,2022,"Wankhede Stadium, Mumbai",Mumbai,Sunrisers Hyderabad,Gujarat Titans,Gujarat Titans,field,Gujarat Titans,,5.0,Umran Malik,True,GT,Wankhede Stadium
1304087,2022-04-28,2022,"Wankhede Stadium, Mumbai",Mumbai,Kolkata Knight Riders,Delhi Capitals,Delhi Capitals,field,Delhi Capitals,,4.0,Kuldeep Yadav,True,DC,Wankhede Stadium
1304088,2022-04-29,2022,"Maharashtra Cricket Association Stadium, Pune",Pune,Lucknow Super Giants,Punjab Kings,Punjab Kings,field,Lucknow Super Giants,20.0,,KH Pandya,False,LSG,Maharashtra Cricket Association Stadium
1304089,2022-04-30,2022,"Brabourne Stadium, Mumbai",Mumbai,Royal Challengers Bengaluru,Gujarat Titans,Royal Challengers Bengaluru,bat,Gujarat Titans,,6.0,R Tewatia,False,GT,Brabourne Stadium
1304090,2022-04-30,2022,"Dr DY Patil Sports Academy, Mumbai",Navi Mumbai,Rajasthan Royals,Mumbai Indians,Mumbai Indians,field,Mumbai Indians,,5.0,SA Yadav,True,MI,Dr DY Patil Sports Academy
1304091,2022-05-01,2022,"Wankhede Stadium, Mumbai",Mumbai,Lucknow Super Giants,Delhi Capitals,Lucknow Super Giants,bat,Lucknow Super Giants,6.0,,Mohsin Khan,True,LSG,Wankhede Stadium
1304092,2022-05-01,2022,"Maharashtra Cricket Association Stadium, Pune",Pune,Chennai Super Kings,Sunrisers Hyderabad,Sunrisers Hyderabad,field,Chennai Super Kings,13.0,,RD Gaikwad,False,CSK,Maharashtra Cricket Association Stadium
1304093,2022-05-02,2022,"Wankhede Stadium, Mumbai",Mumbai,Rajasthan Royals,Kolkata Knight Riders,Kolkata Knight Riders,field,Kolkata Knight Riders,,7.0,RK Singh,True,KKR,Wankhede Stadium
1304094,2022-05-03,2022,"Dr DY Patil Sports Academy, Mumbai",Navi Mumbai,Gujarat Titans,Punjab Kings,Gujarat Titans,bat,Punjab Kings,,8.0,K Rabada,False,PBKS,Dr DY Patil Sports Academy
1304095,2022-05-04,2022,"Maharashtra Cricket Association Stadium, Pune",Pune,Royal Challengers Bengaluru,Chennai Super Kings,Chennai Super Kings,field,Royal Challengers Bengaluru,13.0,,HV Patel,False,RCB,Maharashtra Cricket Association Stadium
1304096,2022-05-05,2022,"Brabourne Stadium, Mumbai",Mumbai,Delhi Capitals,Sunrisers Hyderabad,Sunrisers Hyderabad,field,Delhi Capitals,21.0,,DA Warner,False,DC,Brabourne Stadium
1304097,2022-05-06,2022,"Brabourne Stadium, Mumbai",Mumbai,Mumbai Indians,Gujarat Titans,Gujarat Titans,field,Mumbai Indians,5.0,,TH David,False,MI,Brabourne Stadium
1304098,2022-05-07,2022,"Wankhede Stadium, Mumbai",Mumbai,Punjab Kings,Rajasthan Royals,Punjab Kings,bat,Rajasthan Royals,,6.0,YBK Jaiswal,False,RR,Wankhede Stadium
1304099,2022-05-07,2022,"Maharashtra Cricket Association Stadium, Pune",Pune,Lucknow Super Giants,Kolkata Knight Riders,Kolkata Knight Riders,field,Lucknow Super Giants,75.0,,Avesh Khan,False,LSG,Maharashtra Cricket Association Stadium
1304100,2022-05-08,2022,"Wankhede Stadium, Mumbai",Mumbai,Royal Challengers Bengaluru,Sunrisers Hyderabad,Royal Challengers Bengaluru,bat,Royal Challengers Bengaluru,67.0,,PWH de Silva,True,RCB,Wankhede Stadium
1304101,2022-05-08,2022,"Dr DY Patil Sports Academy, Mumbai",Navi Mumbai,Chennai Super Kings,Delhi Capitals,Delhi Capitals,field,Chennai Super Kings,91.0,,DP Conway,False,CSK,Dr DY Patil Sports Academy
1304102,2022-05-09,2022,"Dr DY Patil Sports Academy, Mumbai",Navi Mumbai,Kolkata Knight Riders,Mumbai Indians,Mumbai Indians,field,Kolkata Knight Riders,52.0,,JJ Bumrah,False,KKR,Dr DY Patil Sports Academy
1304103,2022-05-10,2022,"Maharashtra Cricket Association Stadium, Pune",Pune,Gujarat Titans,Lucknow Super Giants,Gujarat Titans,bat,Gujarat Titans,62.0,,Shubman Gill,True,GT,Maharashtra Cricket Association Stadium
1304104,2022-05-11,2022,"Dr DY Patil Sports Academy, Mumbai",Navi Mumbai,Rajasthan Royals,Delhi Capitals,Delhi Capitals,field,Delhi Capitals,,8.0,MR Marsh,True,DC,Dr DY Patil Sports Academy
1304105,2022-05-12,2022,"Wankhede Stadium, Mumbai",Mumbai,Chennai Super Kings,Mumbai Indians,Mumbai Indians,field,Mumbai Indians,,5.0,DR Sams,True,MI,Wankhede Stadium
1304106,2022-05-13,2022,"Brabourne Stadium, Mumbai",Mumbai,Punjab Kings,Royal Challengers Bengaluru,Royal Challengers Bengaluru,field,Punjab Kings,54.0,,JM Bairstow,False,PBKS,Brabourne Stadium
1304107,2022-05-14,2022,"Maharashtra Cricket Association Stadium, Pune",Pune,Kolkata Knight Riders,Sunrisers Hyderabad,Kolkata Knight Riders,bat,Kolkata Knight Riders,54.0,,AD Russell,True,KKR,Maharashtra Cricket Association Stadium
1304108,2022-05-15,2022,"Wankhede Stadium, Mumbai",Mumbai,Chennai Super Kings,Gujarat Titans,Chennai Super Kings,bat,Gujarat Titans,,7.0,WP Saha,False,GT,Wankhede Stadium
1304109,2022-05-15,2022,"Brabourne Stadium, Mumbai",Mumbai,Rajasthan Royals,Lucknow Super Giants,Rajasthan Royals,bat,Rajasthan Royals,24.0,,TA Boult,True,RR,Brabourne Stadium
1304110,2022-05-16,2022,"Dr DY Patil Sports Academy, Mumbai",Navi Mumbai,Delhi Capitals,Punjab Kings,Punjab Kings,field,Delhi Capitals,17.0,,SN Thakur,False,DC,Dr DY Patil Sports Academy
1304111,2022-05-17,2022,"Wankhede Stadium, Mumbai",Mumbai,Sunrisers Hyderabad,Mumbai Indians,Mumbai Indians,field,Sunrisers Hyderabad,3.0,,RA Tripathi,False,SRH,Wankhede Stadium
1304112,2022-05-18,2022,"Dr DY Patil Sports Academy, Mumbai",Navi Mumbai,Lucknow Super Giants,Kolkata Knight Riders,Lucknow Super Giants,bat,Lucknow Super Giants,2.0,,Q de Kock,True,LSG,Dr DY Patil Sports Academy
1304113,2022-05-19,2022,"Wankhede Stadium, Mumbai",Mumbai,Gujarat Titans,Royal Challengers Bengaluru,Gujarat Titans,bat,Royal Challengers Bengaluru,,8.0,V Kohli,False,RCB,Wankhede Stadium
1304114,2022-05-20,2022,"Brabourne Stadium, Mumbai",Mumbai,Chennai Super Kings,Rajasthan Royals,Chennai Super Kings,bat,Rajasthan Royals,,5.0,R Ashwin,False,RR,Brabourne Stadium
1304115,2022-05-21,2022,"Wankhede Stadium, Mumbai",Mumbai,Delhi Capitals,Mumbai Indians,Mumbai Indians,field,Mumbai Indians,,5.0,JJ Bumrah,True,MI,Wankhede Stadium
1304116,2022-05-22,2022,"Wankhede Stadium, Mumbai",Mumbai,Sunrisers Hyderabad,Punjab Kings,Sunrisers Hyderabad,bat,Punjab Kings,,5.0,Harpreet Brar,False,PBKS,Wankhede Stadium
1312197,2022-05-24,2022,"Eden Gardens, Kolkata",Kolkata,Rajasthan Royals,Gujarat Titans,Gujarat Titans,field,Gujarat Titans,,7.0,DA Miller,True,GT,Eden Gardens
1312198,2022-05-25,2022,"Eden Gardens, Kolkata",Kolkata,Royal Challengers Bengaluru,Lucknow Super Giants,Lucknow Super Giants,field,Royal Challengers Bengaluru,14.0,,RM Patidar,False,RCB,Eden Gardens
1312199,2022-05-27,2022,"Narendra Modi Stadium, Ahmedabad",Ahmedabad,Royal Challengers Bengaluru,Rajasthan Royals,Rajasthan Royals,field,Rajasthan Royals,,7.0,JC Buttler,True,RR,Narendra Modi Stadium
1312200,2022-05-29,2022,"Narendra Modi Stadium, Ahmedabad",Ahmedabad,Rajasthan Royals,Gujarat Titans,Rajasthan Royals,bat,Gujarat Titans,,7.0,HH Pandya,False,GT,Narendra Modi Stadium
1359475,2023-03-31,2023,"Narendra Modi Stadium, Ahmedabad",Ahmedabad,Chennai Super Kings,Gujarat Titans,Gujarat Titans,field,Gujarat Titans,,5.0,Rashid Khan,True,GT,Narendra Modi Stadium
1359476,2023-04-01,2023,"Punjab Cricket Association IS Bindra Stadium, Mohali, Chandigarh",Chandigarh,Punjab Kings,Kolkata Knight Riders,Kolkata Knight Riders,field,Punjab Kings,7.0,,Arshdeep Singh,False,PBKS,Punjab Cricket Association IS Bindra Stadium
1359477,2023-04-01,2023,"Bharat Ratna Shri Atal Bihari Vajpayee Ekana Cricket Stadium, Lucknow",Lucknow,Lucknow Super Giants,Delhi Capitals,Delhi Capitals,field,Lucknow Super Giants,50.0,,MA Wood,False,LSG,Bharat Ratna Shri Atal Bihari Vajpayee Ekana Cricket Stadium
1359478,2023-04-02,2023,"Rajiv Gandhi International Stadium, Uppal, Hyderabad",Hyderabad,Rajasthan Royals,Sunrisers Hyderabad,Sunrisers Hyderabad,field,Rajasthan Royals,72.0,,JC Buttler,False,RR,Rajiv Gandhi International Stadium
1359479,2023-04-02,2023,"M Chinnaswamy Stadium, Bengaluru",Bengaluru,Mumbai Indians,Royal Challengers Bengaluru,Royal Challengers Bengaluru,field,Royal Challengers Bengaluru,,8.0,F du Plessis,True,RCB,M Chinnaswamy Stadium
1359480,2023-04-03,2023,"MA Chidambaram Stadium, Chepauk, Chennai",Chennai,Chennai Super Kings,Lucknow Super Giants,Lucknow Super Giants,field,Chennai Super Kings,12.0,,MM Ali,False,CSK,MA Chidambaram Stadium
1359481,2023-04-04,2023,"Arun Jaitley Stadium, Delhi",Delhi,Delhi Capitals,Gujarat Titans,Gujarat Titans,field,Gujarat Titans,,6.0,B Sai Sudharsan,True,GT,Arun Jaitley Stadium
1359482,2023-04-05,2023,"Barsapara Cricket Stadium, Guwahati",Guwahati,Punjab Kings,Rajasthan Royals,Rajasthan Royals,field,Punjab Kings,5.0,,NT Ellis,False,PBKS,Barsapara Cricket Stadium
1359483,2023-04-06,2023,"Eden Gardens, Kolkata",Kolkata,Kolkata Knight Riders,Royal Challengers Bengaluru,Royal Challengers Bengaluru,field,Kolkata Knight Riders,81.0,,SN Thakur,False,KKR,Eden Gardens
1359484,2023-04-07,2023,"Bharat Ratna Shri Atal Bihari Vajpayee Ekana Cricket Stadium, Lucknow",Lucknow,Sunrisers Hyderabad,Lucknow Super Giants,Sunrisers Hyderabad,bat,Lucknow Super Giants,,5.0,KH Pandya,False,LSG,Bharat Ratna Shri Atal Bihari Vajpayee Ekana Cricket Stadium
1359485,2023-04-08,2023,"Barsapara Cricket Stadium, Guwahati",Guwahati,Rajasthan Royals,Delhi Capitals,Delhi Capitals,field,Rajasthan Royals,57.0,,YBK Jaiswal,False,RR,Barsapara Cricket Stadium
1359486,2023-04-08,2023,"Wankhede Stadium, Mumbai",Mumbai,Mumbai Indians,Chennai Super Kings,Chennai Super Kings,field,Chennai Super Kings,,7.0,RA Jadeja,True,CSK,Wankhede Stadium
1359487,2023-04-09,2023,"Narendra Modi Stadium, Ahmedabad",Ahmedabad,Gujarat Titans,Kolkata Knight Riders,Gujarat Titans,bat,Kolkata Knight Riders,,3.0,RK Singh,False,KKR,Narendra Modi Stadium
1359488,2023-04-09,2023,"Rajiv Gandhi International Stadium, Uppal, Hyderabad",Hyderabad,Punjab Kings,Sunrisers Hyderabad,Sunrisers Hyderabad,field,Sunrisers Hyderabad,,8.0,S Dhawan,True,SRH,Rajiv Gandhi International Stadium
1359489,2023-04-10,2023,"M Chinnaswamy Stadium, Bengaluru",Bengaluru,Royal Challengers Bengaluru,Lucknow Super Giants,Lucknow Super Giants,field,Lucknow Super Giants,,1.0,N Pooran,True,LSG,M Chinnaswamy Stadium
1359490,2023-04-11,2023,"Arun Jaitley Stadium, Delhi",Delhi,Delhi Capitals,Mumbai Indians,Mumbai Indians,field,Mumbai Indians,,6.0,RG Sharma,True,MI,Arun Jaitley Stadium
1359491,2023-04-12,2023,"MA Chidambaram Stadium, Chepauk, Chennai",Chennai,Rajasthan Royals,Chennai Super Kings,Chennai Super Kings,field,Rajasthan Royals,3.0,,R Ashwin,False,RR,MA Chidambaram Stadium
1359492,2023-04-13,2023,"Punjab Cricket Association IS Bindra Stadium, Mohali, Chandigarh",Chandigarh,Punjab Kings,Gujarat Titans,Gujarat Titans,field,Gujarat Titans,,6.0,MM Sharma,True,GT,Punjab Cricket Association IS Bindra Stadium
1359493,2023-04-14,2023,"Eden Gardens, Kolkata",Kolkata,Sunrisers Hyderabad,Kolkata Knight Riders,Kolkata Knight Riders,field,Sunrisers Hyderabad,23.0,,HC Brook,False,SRH,Eden Gardens
1359494,2023-04-15,2023,"M Chinnaswamy Stadium, Bengaluru",Bengaluru,Royal Challengers Bengaluru,Delhi Capitals,Delhi Capitals,field,Royal Challengers Bengaluru,23.0,,V Kohli,False,RCB,M Chinnaswamy Stadium
1359495,2023-04-15,2023,"Bharat Ratna Shri Atal Bihari Vajpayee Ekana Cricket Stadium, Lucknow",Lucknow,Lucknow Super Giants,Punjab Kings,Punjab Kings,field,Punjab Kings,,2.0,Sikandar Raza,True,PBKS,Bharat Ratna Shri Atal Bihari Vajpayee Ekana Cricket Stadium
1359496,2023-04-16,2023,"Wankhede Stadium, Mumbai",Mumbai,Kolkata Knight Riders,Mumbai Indians,Mumbai Indians,field,Mumbai Indians,,5.0,VR Iyer,True,MI,Wankhede Stadium
1359497,2023-04-16,2023,"Narendra Modi Stadium, Ahmedabad",Ahmedabad,Gujarat Titans,Rajasthan Royals,Rajasthan Royals,field,Rajasthan Royals,,3.0,SO Hetmyer,True,RR,Narendra Modi Stadium
1359498,2023-04-17,2023,"M Chinnaswamy Stadium, Bengaluru",Bengaluru,Chennai Super Kings,Royal Challengers Bengaluru,Royal Challengers Bengaluru,field,Chennai Super Kings,8.0,,DP Conway,False,CSK,M Chinnaswamy Stadium
1359499,2023-04-18,2023,"Rajiv Gandhi International Stadium, Uppal, Hyderabad",Hyderabad,Mumbai Indians,Sunrisers Hyderabad,Sunrisers Hyderabad,field,Mumbai Indians,14.0,,C Green,False,MI,Rajiv Gandhi International Stadium
1359500,2023-04-19,2023,"Sawai Mansingh Stadium, Jaipur",Jaipur,Lucknow Super Giants,Rajasthan Royals,Rajasthan Royals,field,Lucknow Super Giants,10.0,,MP Stoinis,False,LSG,Sawai Mansingh Stadium
1359501,2023-04-20,2023,"Punjab Cricket Association IS Bindra Stadium, Mohali, Chandigarh",Chandigarh,Royal Challengers Bengaluru,Punjab Kings,Punjab Kings,field,Royal Challengers Bengaluru,24.0,,Mohammed Siraj,False,RCB,Punjab Cricket Association IS Bindra Stadium
1359502,2023-04-20,2023,"Arun Jaitley Stadium, Delhi",Delhi,Kolkata Knight Riders,Delhi Capitals,Delhi Capitals,field,Delhi Capitals,,4.0,I Sharma,True,DC,Arun Jaitley Stadium
1359503,2023-04-21,2023,"MA Chidambaram Stadium, Chepauk, Chennai",Chennai,Sunrisers Hyderabad,Chennai Super Kings,Chennai Super Kings,field,Chennai Super Kings,,7.0,RA Jadeja,True,CSK,MA Chidambaram Stadium
1359504,2023-04-22,2023,"Bharat Ratna Shri Atal Bihari Vajpayee Ekana Cricket Stadium, Lucknow",Lucknow,Gujarat Titans,Lucknow Super Giants,Gujarat Titans,bat,Gujarat Titans,7.0,,MM Sharma,True,GT,Bharat Ratna Shri Atal Bihari Vajpayee Ekana Cricket Stadium
1359505,2023-04-22,2023,"Wankhede Stadium, Mumbai",Mumbai,Punjab Kings,Mumbai Indians,Mumbai Indians,field,Punjab Kings,13.0,,SM Curran,False,PBKS,Wankhede Stadium
1359506,2023-04-23,2023,"M Chinnaswamy Stadium, Bengaluru",Bengaluru,Royal Challengers Bengaluru,Rajasthan Royals,Rajasthan Royals,field,Royal Challengers Bengaluru,7.0,,GJ Maxwell,False,RCB,M Chinnaswamy Stadium
1359507,2023-04-23,2023,"Eden Gardens, Kolkata",Kolkata,Chennai Super Kings,Kolkata Knight Riders,Kolkata Knight Riders,field,Chennai Super Kings,49.0,,AM Rahane,False,CSK,Eden Gardens
1359508,2023-04-24,2023,"Rajiv Gandhi International Stadium, Uppal, Hyderabad",Hyderabad,Delhi Capitals,Sunrisers Hyderabad,Delhi Capitals,bat,Delhi Capitals,7.0,,AR Patel,True,DC,Rajiv Gandhi International Stadium
1359509,2023-04-25,2023,"Narendra Modi Stadium, Ahmedabad",Ahmedabad,Gujarat Titans,Mumbai Indians,Mumbai Indians,field,Gujarat Titans,55.0,,A Manohar,False,GT,Narendra Modi Stadium
1359510,2023-04-26,2023,"M Chinnaswamy Stadium, Bengaluru",Bengaluru,Kolkata Knight Riders,Royal Challengers Bengaluru,Royal Challengers Bengaluru,field,Kolkata Knight Riders,21.0,,CV Varun,False,KKR,M Chinnaswamy Stadium
1359511,2023-04-27,2023,"Sawai Mansingh Stadium, Jaipur",Jaipur,Rajasthan Royals,Chennai Super Kings,Rajasthan Royals,bat,Rajasthan Royals,32.0,,YBK Jaiswal,True,RR,Sawai Mansingh Stadium
1359512,2023-04-28,2023,"Punjab Cricket Association IS Bindra Stadium, Mohali, Chandigarh",Chandigarh,Lucknow Super Giants,Punjab Kings,Punjab Kings,field,Lucknow Super Giants,56.0,,MP Stoinis,False,LSG,Punjab Cricket Association IS Bindra Stadium
1359513,2023-04-29,2023,"Eden Gardens, Kolkata",Kolkata,Kolkata Knight Riders,Gujarat Titans,Gujarat Titans,field,Gujarat Titans,,7.0,J Little,True,GT,Eden Gardens
1359514,2023-04-29,2023,"Arun Jaitley Stadium, Delhi",Delhi,Sunrisers Hyderabad,Delhi Capitals,Sunrisers Hyderabad,bat,Sunrisers Hyderabad,9.0,,MR Marsh,True,SRH,Arun Jaitley Stadium
1359515,2023-04-30,2023,"MA Chidambaram Stadium, Chepauk, Chennai",Chennai,Chennai Super Kings,Punjab Kings,Chennai Super Kings,bat,Punjab Kings,,4.0,DP Conway,False,PBKS,MA Chidambaram Stadium
1359516,2023-04-30,2023,"Wankhede Stadium, Mumbai",Mumbai,Rajasthan Royals,Mumbai Indians,Rajasthan Royals,bat,Mumbai Indians,,6.0,YBK Jaiswal,False,MI,Wankhede Stadium
1359517,2023-05-01,2023,"Bharat Ratna Shri Atal Bihari Vajpayee Ekana Cricket Stadium, Lucknow",Lucknow,Royal Challengers Bengaluru,Lucknow Super Giants,Royal Challengers Bengaluru,bat,Royal Challengers Bengaluru,18.0,,F du Plessis,True,RCB,Bharat Ratna Shri Atal Bihari Vajpayee Ekana Cricket Stadium
1359518,2023-05-02,2023,"Narendra Modi Stadium, Ahmedabad",Ahmedabad,Delhi Capitals,Gujarat Titans,Delhi Capitals,bat,Delhi Capitals,5.0,,Mohammed Shami,True,DC,Narendra Modi Stadium
1359520,2023-05-03,2023,"Punjab Cricket Association IS Bindra Stadium, Mohali, Chandigarh",Chandigarh,Punjab Kings,Mumbai Indians,Mumbai Indians,field,Mumbai Indians,,6.0,Ishan Kishan,True,MI,Punjab Cricket Association IS Bindra Stadium
1359521,2023-05-04,2023,"Rajiv Gandhi International Stadium, Uppal, Hyderabad",Hyderabad,Kolkata Knight Riders,Sunrisers Hyderabad,Kolkata Knight Riders,bat,Kolkata Knight Riders,5.0,,CV Varun,True,KKR,Rajiv Gandhi International Stadium
1359522,2023-05-05,2023,"Sawai Mansingh Stadium, Jaipur",Jaipur,Rajasthan Royals,Gujarat Titans,Rajasthan Royals,bat,Gujarat Titans,,9.0,Rashid Khan,False,GT,Sawai Mansingh Stadium
1359523,2023-05-06,2023,"MA Chidambaram Stadium, Chepauk, Chennai",Chennai,Mumbai Indians,Chennai Super Kings,Chennai Super Kings,field,Chennai Super Kings,,6.0,M Pathirana,True,CSK,MA Chidambaram Stadium
1359524,2023-05-06,2023,"Arun Jaitley Stadium, Delhi",Delhi,Royal Challengers Bengaluru,Delhi Capitals,Royal Challengers Bengaluru,bat,Delhi Capitals,,7.0,PD Salt,False,DC,Arun Jaitley Stadium
1359525,2023-05-07,2023,"Narendra Modi Stadium, Ahmedabad",Ahmedabad,Gujarat Titans,Lucknow Super Giants,Lucknow Super Giants,field,Gujarat Titans,56.0,,Shubman Gill,False,GT,Narendra Modi Stadium
1359526,2023-05-07,2023,"Sawai Mansingh Stadium, Jaipur",Jaipur,Rajasthan Royals,Sunrisers Hyderabad,Rajasthan Royals,bat,Sunrisers Hyderabad,,4.0,GD Phillips,False,SRH,Sawai Mansingh Stadium
1359527,2023-05-08,2023,"Eden Gardens, Kolkata",Kolkata,Punjab Kings,Kolkata Knight Riders,Punjab Kings,bat,Kolkata Knight Riders,,5.0,AD Russell,False,KKR,Eden Gardens
1359528,2023-05-09,2023,"Wankhede Stadium, Mumbai",Mumbai,Royal Challengers Bengaluru,Mumbai Indians,Mumbai Indians,field,Mumbai Indians,,6.0,SA Yadav,True,MI,Wankhede Stadium
1359529,2023-05-10,2023,"MA Chidambaram Stadium, Chepauk, Chennai",Chennai,Chennai Super Kings,Delhi Capitals,Chennai Super Kings,bat,Chennai Super Kings,27.0,,RA Jadeja,True,CSK,MA Chidambaram Stadium
1359530,2023-05-11,2023,"Eden Gardens, Kolkata",Kolkata,Kolkata Knight Riders,Rajasthan Royals,Rajasthan Royals,field,Rajasthan Royals,,9.0,YBK Jaiswal,True,RR,Eden Gardens
1359531,2023-05-12,2023,"Wankhede Stadium, Mumbai",Mumbai,Mumbai Indians,Gujarat Titans,Gujarat Titans,field,Mumbai Indians,27.0,,SA Yadav,False,MI,Wankhede Stadium
1359532,2023-05-13,2023,"Rajiv Gandhi International Stadium, Uppal, Hyderabad",Hyderabad,Sunrisers Hyderabad,Lucknow Super Giants,Sunrisers Hyderabad,bat,Lucknow Super Giants,,7.0,PN Mankad,False,LSG,Rajiv Gandhi International Stadium
1359533,2023-05-13,2023,"Arun Jaitley Stadium, Delhi",Delhi,Punjab Kings,Delhi Capitals,Delhi Capitals,field,Punjab Kings,31.0,,P Simran Singh,False,PBKS,Arun Jaitley Stadium
1359534,2023-05-14,2023,"Sawai Mansingh Stadium, Jaipur",Jaipur,Royal Challengers Bengaluru,Rajasthan Royals,Royal Challengers Bengaluru,bat,Royal Challengers Bengaluru,112.0,,WD Parnell,True,RCB,Sawai Mansingh Stadium
1359535,2023-05-14,2023,"MA Chidambaram Stadium, Chepauk, Chennai",Chennai,Chennai Super Kings,Kolkata Knight Riders,Chennai Super Kings,bat,Kolkata Knight Riders,,6.0,RK Singh,False,KKR,MA Chidambaram Stadium
1359536,2023-05-15,2023,"Narendra Modi Stadium, Ahmedabad",Ahmedabad,Gujarat Titans,Sunrisers Hyderabad,Sunrisers Hyderabad,field,Gujarat Titans,34.0,,Shubman Gill,False,GT,Narendra Modi Stadium
1359537,2023-05-16,2023,"Bharat Ratna Shri Atal Bihari Vajpayee Ekana Cricket Stadium, Lucknow",Lucknow,Lucknow Super Giants,Mumbai Indians,Mumbai Indians,field,Lucknow Super Giants,5.0,,MP Stoinis,False,LSG,Bharat Ratna Shri Atal Bihari Vajpayee Ekana Cricket Stadium
1359538,2023-05-17,2023,"Himachal Pradesh Cricket Association Stadium, Dharamsala",Dharamsala,Delhi Capitals,Punjab Kings,Punjab Kings,field,Delhi Capitals,15.0,,RR Rossouw,False,DC,Himachal Pradesh Cricket Association Stadium
1359539,2023-05-18,2023,"Rajiv Gandhi International Stadium, Uppal, Hyderabad",Hyderabad,Sunrisers Hyderabad,Royal Challengers Bengaluru,Royal Challengers Bengaluru,field,Royal Challengers Bengaluru,,8.0,V Kohli,True,RCB,Rajiv Gandhi International Stadium
1359540,2023-05-19,2023,"Himachal Pradesh Cricket Association Stadium, Dharamsala",Dharamsala,Punjab Kings,Rajasthan Royals,Rajasthan Royals,field,Rajasthan Royals,,4.0,D Padikkal,True,RR,Himachal Pradesh Cricket Association Stadium
1359541,2023-05-20,2023,"Arun Jaitley Stadium, Delhi",Delhi,Chennai Super Kings,Delhi Capitals,Chennai Super Kings,bat,Chennai Super Kings,77.0,,RD Gaikwad,True,CSK,Arun Jaitley Stadium
1359542,2023-05-20,2023,"Eden Gardens, Kolkata",Kolkata,Lucknow Super Giants,Kolkata Knight Riders,Kolkata Knight Riders,field,Lucknow Super Giants,1.0,,N Pooran,False,LSG,Eden Gardens
1359543,2023-05-21,2023,"Wankhede Stadium, Mumbai",Mumbai,Sunrisers Hyderabad,Mumbai Indians,Mumbai Indians,field,Mumbai Indians,,8.0,C Green,True,MI,Wankhede Stadium
1359544,2023-05-21,2023,"M Chinnaswamy Stadium, Bengaluru",Bengaluru,Royal Challengers Bengaluru,Gujarat Titans,Gujarat Titans,field,Gujarat Titans,,6.0,Shubman Gill,True,GT,M Chinnaswamy Stadium
1370350,2023-05-23,2023,"MA Chidambaram Stadium, Chepauk, Chennai",Chennai,Chennai Super Kings,Gujarat Titans,Gujarat Titans,field,Chennai Super Kings,15.0,,RD Gaikwad,False,CSK,MA Chidambaram Stadium
1370351,2023-05-24,2023,"MA Chidambaram Stadium, Chepauk, Chennai",Chennai,Mumbai Indians,Lucknow Super Giants,Mumbai Indians,bat,Mumbai Indians,81.0,,Akash Madhwal,True,MI,MA Chidambaram Stadium
1370352,2023-05-26,2023,"Narendra Modi Stadium, Ahmedabad",Ahmedabad,Gujarat Titans,Mumbai Indians,Mumbai Indians,field,Gujarat Titans,62.0,,Shubman Gill,False,GT,Narendra Modi Stadium
1370353,2023-05-29,2023,"Narendra Modi Stadium, Ahmedabad",Ahmedabad,Gujarat Titans,Chennai Super Kings,Chennai Super Kings,field,Chennai Super Kings,,5.0,DP Conway,True,CSK,Narendra Modi Stadium
1422119,2024-03-22,2024,"MA Chidambaram Stadium, Chepauk, Chennai",Chennai,Royal Challengers Bengaluru,Chennai Super Kings,Royal Challengers Bengaluru,bat,Chennai Super Kings,,6.0,Mustafizur Rahman,False,CSK,MA Chidambaram Stadium
1422120,2024-03-23,2024,"Maharaja Yadavindra Singh International Cricket Stadium, Mullanpur",Mohali,Delhi Capitals,Punjab Kings,Punjab Kings,field,Punjab Kings,,4.0,SM Curran,True,PBKS,Maharaja Yadavindra Singh International Cricket Stadium
1422121,2024-03-23,2024,"Eden Gardens, Kolkata",Kolkata,Kolkata Knight Riders,Sunrisers Hyderabad,Sunrisers Hyderabad,field,Kolkata Knight Riders,4.0,,AD Russell,False,KKR,Eden Gardens
1422122,2024-03-24,2024,"Sawai Mansingh Stadium, Jaipur",Jaipur,Rajasthan Royals,Lucknow Super Giants,Rajasthan Royals,bat,Rajasthan Royals,20.0,,SV Samson,True,RR,Sawai Mansingh Stadium
1422123,2024-03-24,2024,"Narendra Modi Stadium, Ahmedabad",Ahmedabad,Gujarat Titans,Mumbai Indians,Mumbai Indians,field,Gujarat Titans,6.0,,B Sai Sudharsan,False,GT,Narendra Modi Stadium
1422124,2024-03-25,2024,"M Chinnaswamy Stadium, Bengaluru",Bengaluru,Punjab Kings,Royal Challengers Bengaluru,Royal Challengers Bengaluru,field,Royal Challengers Bengaluru,,4.0,V Kohli,True,RCB,M Chinnaswamy Stadium
1422125,2024-03-26,2024,"MA Chidambaram Stadium, Chepauk, Chennai",Chennai,Chennai Super Kings,Gujarat Titans,Gujarat Titans,field,Chennai Super Kings,63.0,,S Dube,False,CSK,MA Chidambaram Stadium
1422126,2024-03-27,2024,"Rajiv Gandhi International Stadium, Uppal, Hyderabad",Hyderabad,Sunrisers Hyderabad,Mumbai Indians,Mumbai Indians,field,Sunrisers Hyderabad,31.0,,Abhishek Sharma,False,SRH,Rajiv Gandhi International Stadium
1422127,2024-03-28,2024,"Sawai Mansingh Stadium, Jaipur",Jaipur,Rajasthan Royals,Delhi Capitals,Delhi Capitals,field,Rajasthan Royals,12.0,,R Parag,False,RR,Sawai Mansingh Stadium
1422128,2024-03-29,2024,"M Chinnaswamy Stadium, Bengaluru",Bengaluru,Royal Challengers Bengaluru,Kolkata Knight Riders,Kolkata Knight Riders,field,Kolkata Knight Riders,,7.0,SP Narine,True,KKR,M Chinnaswamy Stadium
1422129,2024-03-30,2024,"Bharat Ratna Shri Atal Bihari Vajpayee Ekana Cricket Stadium, Lucknow",Lucknow,Lucknow Super Giants,Punjab Kings,Lucknow Super Giants,bat,Lucknow Super Giants,21.0,,MP Yadav,True,LSG,Bharat Ratna Shri Atal Bihari Vajpayee Ekana Cricket Stadium
1422130,2024-03-31,2024,"Narendra Modi Stadium, Ahmedabad",Ahmedabad,Sunrisers Hyderabad,Gujarat Titans,Sunrisers Hyderabad,bat,Gujarat Titans,,7.0,MM Sharma,False,GT,Narendra Modi Stadium
1422131,2024-03-31,2024,"Dr. Y.S. Rajasekhara Reddy ACA-VDCA Cricket Stadium, Visakhapatnam",Visakhapatnam,Delhi Capitals,Chennai Super Kings,Delhi Capitals,bat,Delhi Capitals,20.0,,KK Ahmed,True,DC,Dr. Y.S. Rajasekhara Reddy ACA-VDCA Cricket Stadium
1422132,2024-04-01,2024,"Wankhede Stadium, Mumbai",Mumbai,Mumbai Indians,Rajasthan Royals,Rajasthan Royals,field,Rajasthan Royals,,6.0,TA Boult,True,RR,Wankhede Stadium
1422133,2024-04-02,2024,"M Chinnaswamy Stadium, Bengaluru",Bengaluru,Lucknow Super Giants,Royal Challengers Bengaluru,Royal Challengers Bengaluru,field,Lucknow Super Giants,28.0,,MP Yadav,False,LSG,M Chinnaswamy Stadium
1422134,2024-04-03,2024,"Dr. Y.S. Rajasekhara Reddy ACA-VDCA Cricket Stadium, Visakhapatnam",Visakhapatnam,Kolkata Knight Riders,Delhi Capitals,Kolkata Knight Riders,bat,Kolkata Knight Riders,106.0,,SP Narine,True,KKR,Dr. Y.S. Rajasekhara Reddy ACA-VDCA Cricket Stadium
1422135,2024-04-04,2024,"Narendra Modi Stadium, Ahmedabad",Ahmedabad,Gujarat Titans,Punjab Kings,Punjab Kings,field,Punjab Kings,,3.0,Shashank Singh,True,PBKS,Narendra Modi Stadium
1422136,2024-04-05,2024,"Rajiv Gandhi International Stadium, Uppal, Hyderabad",Hyderabad,Chennai Super Kings,Sunrisers Hyderabad,Sunrisers Hyderabad,field,Sunrisers Hyderabad,,6.0,Abhishek Sharma,True,SRH,Rajiv Gandhi International Stadium
1422137,2024-04-06,2024,"Sawai Mansingh Stadium, Jaipur",Jaipur,Royal Challengers Bengaluru,Rajasthan Royals,Rajasthan Royals,field,Rajasthan Royals,,6.0,JC Buttler,True,RR,Sawai Mansingh Stadium
1422138,2024-04-07,2024,"Wankhede Stadium, Mumbai",Mumbai,Mumbai Indians,Delhi Capitals,Delhi Capitals,field,Mumbai Indians,29.0,,R Shepherd,False,MI,Wankhede Stadium
1422139,2024-04-07,2024,"Bharat Ratna Shri Atal Bihari Vajpayee Ekana Cricket Stadium, Lucknow",Lucknow,Lucknow Super Giants,Gujarat Titans,Lucknow Super Giants,bat,Lucknow Super Giants,33.0,,Yash Thakur,True,LSG,Bharat Ratna Shri Atal Bihari Vajpayee Ekana Cricket Stadium
1426260,2024-04-08,2024,"MA Chidambaram Stadium, Chepauk, Chennai",Chennai,Kolkata Knight Riders,Chennai Super Kings,Chennai Super Kings,field,Chennai Super Kings,,7.0,RA Jadeja,True,CSK,MA Chidambaram Stadium
1426261,2024-04-09,2024,"Maharaja Yadavindra Singh International Cricket Stadium, Mullanpur",Mohali,Sunrisers Hyderabad,Punjab Kings,Punjab Kings,field,Sunrisers Hyderabad,2.0,,Nithish Kumar Reddy,False,SRH,Maharaja Yadavindra Singh International Cricket Stadium
1426262,2024-04-10,2024,"Sawai Mansingh Stadium, Jaipur",Jaipur,Rajasthan Royals,Gujarat Titans,Gujarat Titans,field,Gujarat Titans,,3.0,Rashid Khan,True,GT,Sawai Mansingh Stadium
1426263,2024-04-11,2024,"Wankhede Stadium, Mumbai",Mumbai,Royal Challengers Bengaluru,Mumbai Indians,Mumbai Indians,field,Mumbai Indians,,7.0,JJ Bumrah,True,MI,Wankhede Stadium
1426264,2024-04-12,2024,"Bharat Ratna Shri Atal Bihari Vajpayee Ekana Cricket Stadium, Lucknow",Lucknow,Lucknow Super Giants,Delhi Capitals,Lucknow Super Giants,bat,Delhi Capitals,,6.0,Kuldeep Yadav,False,DC,Bharat Ratna Shri Atal Bihari Vajpayee Ekana Cricket Stadium
1426265,2024-04-13,2024,"Maharaja Yadavindra Singh International Cricket Stadium, Mullanpur",Mohali,Punjab Kings,Rajasthan Royals,Rajasthan Royals,field,Rajasthan Royals,,3.0,SO Hetmyer,True,RR,Maharaja Yadavindra Singh International Cricket Stadium
1426266,2024-04-14,2024,"Eden Gardens, Kolkata",Kolkata,Lucknow Super Giants,Kolkata Knight Riders,Kolkata Knight Riders,field,Kolkata Knight Riders,,8.0,PD Salt,True,KKR,Eden Gardens
1426267,2024-04-14,2024,"Wankhede Stadium, Mumbai",Mumbai,Chennai Super Kings,Mumbai Indians,Mumbai Indians,field,Chennai Super Kings,20.0,,M Pathirana,False,CSK,Wankhede Stadium
1426268,2024-04-15,2024,"M Chinnaswamy Stadium, Bengaluru",Bengaluru,Sunrisers Hyderabad,Royal Challengers Bengaluru,Royal Challengers Bengaluru,field,Sunrisers Hyderabad,25.0,,TM Head,False,SRH,M Chinnaswamy Stadium
1426269,2024-04-16,2024,"Eden Gardens, Kolkata",Kolkata,Kolkata Knight Riders,Rajasthan Royals,Rajasthan Royals,field,Rajasthan Royals,,2.0,JC Buttler,True,RR,Eden Gardens
1426270,2024-04-17,2024,"Narendra Modi Stadium, Ahmedabad",Ahmedabad,Gujarat Titans,Delhi Capitals,Delhi Capitals,field,Delhi Capitals,,6.0,RR Pant,True,DC,Narendra Modi Stadium
1426271,2024-04-18,2024,"Maharaja Yadavindra Singh International Cricket Stadium, Mullanpur",Mohali,Mumbai Indians,Punjab Kings,Punjab Kings,field,Mumbai Indians,9.0,,JJ Bumrah,False,MI,Maharaja Yadavindra Singh International Cricket Stadium
1426272,2024-04-19,2024,"Bharat Ratna Shri Atal Bihari Vajpayee Ekana Cricket Stadium, Lucknow",Lucknow,Chennai Super Kings,Lucknow Super Giants,Lucknow Super Giants,field,Lucknow Super Giants,,8.0,KL Rahul,True,LSG,Bharat Ratna Shri Atal Bihari Vajpayee Ekana Cricket Stadium
1426273,2024-04-20,2024,"Arun Jaitley Stadium, Delhi",Delhi,Sunrisers Hyderabad,Delhi Capitals,Delhi Capitals,field,Sunrisers Hyderabad,67.0,,TM Head,False,SRH,Arun Jaitley Stadium
1426274,2024-04-21,2024,"Eden Gardens, Kolkata",Kolkata,Kolkata Knight Riders,Royal Challengers Bengaluru,Royal Challengers Bengaluru,field,Kolkata Knight Riders,1.0,,AD Russell,False,KKR,Eden Gardens
1426275,2024-04-21,2024,"Maharaja Yadavindra Singh International Cricket Stadium, Mullanpur",Mohali,Punjab Kings,Gujarat Titans,Punjab Kings,bat,Gujarat Titans,,3.0,R Sai Kishore,False,GT,Maharaja Yadavindra Singh International Cricket Stadium
1426276,2024-04-22,2024,"Sawai Mansingh Stadium, Jaipur",Jaipur,Mumbai Indians,Rajasthan Royals,Mumbai Indians,bat,Rajasthan Royals,,9.0,Sandeep Sharma,False,RR,Sawai Mansingh Stadium
1426277,2024-04-23,2024,"MA Chidambaram Stadium, Chepauk, Chennai",Chennai,Chennai Super Kings,Lucknow Super Giants,Lucknow Super Giants,field,Lucknow Super Giants,,6.0,MP Stoinis,True,LSG,MA Chidambaram Stadium
1426278,2024-04-24,2024,"Arun Jaitley Stadium, Delhi",Delhi,Delhi Capitals,Gujarat Titans,Gujarat Titans,field,Delhi Capitals,4.0,,RR Pant,False,DC,Arun Jaitley Stadium
1426279,2024-04-25,2024,"Rajiv Gandhi International Stadium, Uppal, Hyderabad",Hyderabad,Royal Challengers Bengaluru,Sunrisers Hyderabad,Royal Challengers Bengaluru,bat,Royal Challengers Bengaluru,35.0,,RM Patidar,True,RCB,Rajiv Gandhi International Stadium
1426280,2024-04-26,2024,"Eden Gardens, Kolkata",Kolkata,Kolkata Knight Riders,Punjab Kings,Punjab Kings,field,Punjab Kings,,8.0,JM Bairstow,True,PBKS,Eden Gardens
1426281,2024-04-27,2024,"Arun Jaitley Stadium, Delhi",Delhi,Delhi Capitals,Mumbai Indians,Mumbai Indians,field,Delhi Capitals,10.0,,J Fraser-McGurk,False,DC,Arun Jaitley Stadium
1426282,2024-04-27,2024,"Bharat Ratna Shri Atal Bihari Vajpayee Ekana Cricket Stadium, Lucknow",Lucknow,Lucknow Super Giants,Rajasthan Royals,Rajasthan Royals,field,Rajasthan Royals,,7.0,SV Samson,True,RR,Bharat Ratna Shri Atal Bihari Vajpayee Ekana Cricket Stadium
1426283,2024-04-28,2024,"Narendra Modi Stadium, Ahmedabad",Ahmedabad,Gujarat Titans,Royal Challengers Bengaluru,Royal Challengers Bengaluru,field,Royal Challengers Bengaluru,,9.0,WG Jacks,True,RCB,Narendra Modi Stadium
1426284,2024-04-28,2024,"MA Chidambaram Stadium, Chepauk, Chennai",Chennai,Chennai Super Kings,Sunrisers Hyderabad,Sunrisers Hyderabad,field,Chennai Super Kings,78.0,,RD Gaikwad,False,CSK,MA Chidambaram Stadium
1426285,2024-04-29,2024,"Eden Gardens, Kolkata",Kolkata,Delhi Capitals,Kolkata Knight Riders,Delhi Capitals,bat,Kolkata Knight Riders,,7.0,CV Varun,False,KKR,Eden Gardens
1426286,2024-04-30,2024,"Bharat Ratna Shri Atal Bihari Vajpayee Ekana Cricket Stadium, Lucknow",Lucknow,Mumbai Indians,Lucknow Super Giants,Lucknow Super Giants,field,Lucknow Super Giants,,4.0,MP Stoinis,True,LSG,Bharat Ratna Shri Atal Bihari Vajpayee Ekana Cricket Stadium
1426287,2024-05-01,2024,"MA Chidambaram Stadium, Chepauk, Chennai",Chennai,Chennai Super Kings,Punjab Kings,Punjab Kings,field,Punjab Kings,,7.0,Harpreet Brar,True,PBKS,MA Chidambaram Stadium
1426288,2024-05-02,2024,"Rajiv Gandhi International Stadium, Uppal, Hyderabad",Hyderabad,Sunrisers Hyderabad,Rajasthan Royals,Sunrisers Hyderabad,bat,Sunrisers Hyderabad,1.0,,B Kumar,True,SRH,Rajiv Gandhi International Stadium
1426289,2024-05-03,2024,"Wankhede Stadium, Mumbai",Mumbai,Kolkata Knight Riders,Mumbai Indians,Mumbai Indians,field,Kolkata Knight Riders,24.0,,VR Iyer,False,KKR,Wankhede Stadium
1426290,2024-05-04,2024,"M Chinnaswamy Stadium, Bengaluru",Bengaluru,Gujarat Titans,Royal Challengers Bengaluru,Royal Challengers Bengaluru,field,Royal Challengers Bengaluru,,4.0,Mohammed Siraj,True,RCB,M Chinnaswamy Stadium
1426291,2024-05-05,2024,"Himachal Pradesh Cricket Association Stadium, Dharamsala",Dharamsala,Chennai Super Kings,Punjab Kings,Punjab Kings,field,Chennai Super Kings,28.0,,RA Jadeja,False,CSK,Himachal Pradesh Cricket Association Stadium
1426292,2024-05-05,2024,"Bharat Ratna Shri Atal Bihari Vajpayee Ekana Cricket Stadium, Lucknow",Lucknow,Kolkata Knight Riders,Lucknow Super Giants,Lucknow Super Giants,field,Kolkata Knight Riders,98.0,,SP Narine,False,KKR,Bharat Ratna Shri Atal Bihari Vajpayee Ekana Cricket Stadium
1426293,2024-05-06,2024,"Wankhede Stadium, Mumbai",Mumbai,Sunrisers Hyderabad,Mumbai Indians,Mumbai Indians,field,Mumbai Indians,,7.0,SA Yadav,True,MI,Wankhede Stadium
1426294,2024-05-07,2024,"Arun Jaitley Stadium, Delhi",Delhi,Delhi Capitals,Rajasthan Royals,Rajasthan Royals,field,Delhi Capitals,20.0,,Kuldeep Yadav,False,DC,Arun Jaitley Stadium
1426295,2024-05-08,2024,"Rajiv Gandhi International Stadium, Uppal, Hyderabad",Hyderabad,Lucknow Super Giants,Sunrisers Hyderabad,Lucknow Super Giants,bat,Sunrisers Hyderabad,,10.0,TM Head,False,SRH,Rajiv Gandhi International Stadium
1426296,2024-05-09,2024,"Himachal Pradesh Cricket Association Stadium, Dharamsala",Dharamsala,Royal Challengers Bengaluru,Punjab Kings,Punjab Kings,field,Royal Challengers Bengaluru,60.0,,V Kohli,False,RCB,Himachal Pradesh Cricket Association Stadium
1426297,2024-05-10,2024,"Narendra Modi Stadium, Ahmedabad",Ahmedabad,Gujarat Titans,Chennai Super Kings,Chennai Super Kings,field,Gujarat Titans,35.0,,Shubman Gill,False,GT,Narendra Modi Stadium
1426298,2024-05-11,2024,"Eden Gardens, Kolkata",Kolkata,Kolkata Knight Riders,Mumbai Indians,Mumbai Indians,field,Kolkata Knight Riders,18.0,,CV Varun,False,KKR,Eden Gardens
1426299,2024-05-12,2024,"MA Chidambaram Stadium, Chepauk, Chennai",Chennai,Rajasthan Royals,Chennai Super Kings,Rajasthan Royals,bat,Chennai Super Kings,,5.0,Simarjeet Singh,False,CSK,MA Chidambaram Stadium
1426300,2024-05-12,2024,"M Chinnaswamy Stadium, Bengaluru",Bengaluru,Royal Challengers Bengaluru,Delhi Capitals,Delhi Capitals,field,Royal Challengers Bengaluru,47.0,,C Green,False,RCB,M Chinnaswamy Stadium
1426302,2024-05-14,2024,"Arun Jaitley Stadium, Delhi",Delhi,Delhi Capitals,Lucknow Super Giants,Lucknow Super Giants,field,Delhi Capitals,19.0,,I Sharma,False,DC,Arun Jaitley Stadium
1426303,2024-05-15,2024,"Barsapara Cricket Stadium, Guwahati",Guwahati,Rajasthan Royals,Punjab Kings,Rajasthan Royals,bat,Punjab Kings,,5.0,SM Curran,False,PBKS,Barsapara Cricket Stadium
1426305,2024-05-17,2024,"Wankhede Stadium, Mumbai",Mumbai,Lucknow Super Giants,Mumbai Indians,Mumbai Indians,field,Lucknow Super Giants,18.0,,N Pooran,False,LSG,Wankhede Stadium
1426306,2024-05-18,2024,"M Chinnaswamy Stadium, Bengaluru",Bengaluru,Royal Challengers Bengaluru,Chennai Super Kings,Chennai Super Kings,field,Royal Challengers Bengaluru,27.0,,F du Plessis,False,RCB,M Chinnaswamy Stadium
1426307,2024-05-19,2024,"Rajiv Gandhi International Stadium, Uppal, Hyderabad",Hyderabad,Punjab Kings,Sunrisers Hyderabad,Punjab Kings,bat,Sunrisers Hyderabad,,4.0,Abhishek Sharma,False,SRH,Rajiv Gandhi International Stadium
1426309,2024-05-21,2024,"Narendra Modi Stadium, Ahmedabad",Ahmedabad,Sunrisers Hyderabad,Kolkata Knight Riders,Sunrisers Hyderabad,bat,Kolkata Knight Riders,,8.0,MA Starc,False,KKR,Narendra Modi Stadium
1426310,2024-05-22,2024,"Narendra Modi Stadium, Ahmedabad",Ahmedabad,Royal Challengers Bengaluru,Rajasthan Royals,Rajasthan Royals,field,Rajasthan Royals,,4.0,R Ashwin,True,RR,Narendra Modi Stadium
1426311,2024-05-24,2024,"MA Chidambaram Stadium, Chepauk, Chennai",Chennai,Sunrisers Hyderabad,Rajasthan Royals,Rajasthan Royals,field,Sunrisers Hyderabad,36.0,,Shahbaz Ahmed,False,SRH,MA Chidambaram Stadium
1426312,2024-05-26,2024,"MA Chidambaram Stadium, Chepauk, Chennai",Chennai,Sunrisers Hyderabad,Kolkata Knight Riders,Sunrisers Hyderabad,bat,Kolkata Knight Riders,,8.0,MA Starc,False,KKR,MA Chidambaram Stadium
1473438,2025-03-22,2025,"Eden Gardens, Kolkata",Kolkata,Kolkata Knight Riders,Royal Challengers Bengaluru,Royal Challengers Bengaluru,field,Royal Challengers Bengaluru,,7.0,KH Pandya,True,RCB,Eden Gardens
1473439,2025-03-23,2025,"Rajiv Gandhi International Stadium, Uppal, Hyderabad",Hyderabad,Sunrisers Hyderabad,Rajasthan Royals,Rajasthan Royals,field,Sunrisers Hyderabad,44.0,,Ishan Kishan,False,SRH,Rajiv Gandhi International Stadium
1473440,2025-03-23,2025,"MA Chidambaram Stadium, Chepauk, Chennai",Chennai,Mumbai Indians,Chennai Super Kings,Chennai Super Kings,field,Chennai Super Kings,,4.0,Noor Ahmad,True,CSK,MA Chidambaram Stadium
1473441,2025-03-24,2025,"Dr. Y.S. Rajasekhara Reddy ACA-VDCA Cricket Stadium, Visakhapatnam",Visakhapatnam,Lucknow Super Giants,Delhi Capitals,Delhi Capitals,field,Delhi Capitals,,1.0,Ashutosh Sharma,True,DC,Dr. Y.S. Rajasekhara Reddy ACA-VDCA Cricket Stadium
1473442,2025-03-25,2025,"Narendra Modi Stadium, Ahmedabad",Ahmedabad,Punjab Kings,Gujarat Titans,Gujarat Titans,field,Punjab Kings,11.0,,SS Iyer,False,PBKS,Narendra Modi Stadium
1473443,2025-03-26,2025,"Barsapara Cricket Stadium, Guwahati",Guwahati,Rajasthan Royals,Kolkata Knight Riders,Kolkata Knight Riders,field,Kolkata Knight Riders,,8.0,Q de Kock,True,KKR,Barsapara Cricket Stadium
1473444,2025-03-27,2025,"Rajiv Gandhi International Stadium, Uppal, Hyderabad",Hyderabad,Sunrisers Hyderabad,Lucknow Super Giants,Lucknow Super Giants,field,Lucknow Super Giants,,5.0,SN Thakur,True,LSG,Rajiv Gandhi International Stadium
1473445,2025-03-28,2025,"MA Chidambaram Stadium, Chepauk, Chennai",Chennai,Royal Challengers Bengaluru,Chennai Super Kings,Chennai Super Kings,field,Royal Challengers Bengaluru,50.0,,RM Patidar,False,RCB,MA Chidambaram Stadium
1473446,2025-03-29,2025,"Narendra Modi Stadium, Ahmedabad",Ahmedabad,Gujarat Titans,Mumbai Indians,Mumbai Indians,field,Gujarat Titans,36.0,,M Prasidh Krishna,False,GT,Narendra Modi Stadium
1473447,2025-03-30,2025,"Dr. Y.S. Rajasekhara Reddy ACA-VDCA Cricket Stadium, Visakhapatnam",Visakhapatnam,Sunrisers Hyderabad,Delhi Capitals,Sunrisers Hyderabad,bat,Delhi Capitals,,7.0,MA Starc,False,DC,Dr. Y.S. Rajasekhara Reddy ACA-VDCA Cricket Stadium
1473448,2025-03-30,2025,"Barsapara Cricket Stadium, Guwahati",Guwahati,Rajasthan Royals,Chennai Super Kings,Chennai Super Kings,field,Rajasthan Royals,6.0,,N Rana,False,RR,Barsapara Cricket Stadium
1473449,2025-03-31,2025,"Wankhede Stadium, Mumbai",Mumbai,Kolkata Knight Riders,Mumbai Indians,Mumbai Indians,field,Mumbai Indians,,8.0,Ashwani Kumar,True,MI,Wankhede Stadium
1473450,2025-04-01,2025,"Bharat Ratna Shri Atal Bihari Vajpayee Ekana Cricket Stadium, Lucknow",Lucknow,Lucknow Super Giants,Punjab Kings,Punjab Kings,field,Punjab Kings,,8.0,P Simran Singh,True,PBKS,Bharat Ratna Shri Atal Bihari Vajpayee Ekana Cricket Stadium
1473451,2025-04-02,2025,"M Chinnaswamy Stadium, Bengaluru",Bengaluru,Royal Challengers Bengaluru,Gujarat Titans,Gujarat Titans,field,Gujarat Titans,,8.0,Mohammed Siraj,True,GT,M Chinnaswamy Stadium
1473452,2025-04-03,2025,"Eden Gardens, Kolkata",Kolkata,Kolkata Knight Riders,Sunrisers Hyderabad,Sunrisers Hyderabad,field,Kolkata Knight Riders,80.0,,VG Arora,False,KKR,Eden Gardens
1473453,2025-04-04,2025,"Bharat Ratna Shri Atal Bihari Vajpayee Ekana Cricket Stadium, Lucknow",Lucknow,Lucknow Super Giants,Mumbai Indians,Mumbai Indians,field,Lucknow Super Giants,12.0,,DS Rathi,False,LSG,Bharat Ratna Shri Atal Bihari Vajpayee Ekana Cricket Stadium
1473454,2025-04-05,2025,"MA Chidambaram Stadium, Chepauk, Chennai",Chennai,Delhi Capitals,Chennai Super Kings,Delhi Capitals,bat,Delhi Capitals,25.0,,KL Rahul,True,DC,MA Chidambaram Stadium
1473455,2025-04-05,2025,"Maharaja Yadavindra Singh International Cricket Stadium, Mullanpur",Mohali,Rajasthan Royals,Punjab Kings,Punjab Kings,field,Rajasthan Royals,50.0,,JC Archer,False,RR,Maharaja Yadavindra Singh International Cricket Stadium
1473456,2025-04-08,2025,"Eden Gardens, Kolkata",Kolkata,Lucknow Super Giants,Kolkata Knight Riders,Kolkata Knight Riders,field,Lucknow Super Giants,4.0,,N Pooran,False,LSG,Eden Gardens
1473457,2025-04-06,2025,"Rajiv Gandhi International Stadium, Uppal, Hyderabad",Hyderabad,Sunrisers Hyderabad,Gujarat Titans,Gujarat Titans,field,Gujarat Titans,,7.0,Mohammed Siraj,True,GT,Rajiv Gandhi International Stadium
1473458,2025-04-07,2025,"Wankhede Stadium, Mumbai",Mumbai,Royal Challengers Bengaluru,Mumbai Indians,Mumbai Indians,field,Royal Challengers Bengaluru,12.0,,RM Patidar,False,RCB,Wankhede Stadium
1473459,2025-04-08,2025,"Maharaja Yadavindra Singh International Cricket Stadium, Mullanpur",Mohali,Punjab Kings,Chennai Super Kings,Punjab Kings,bat,Punjab Kings,18.0,,Priyansh Arya,True,PBKS,Maharaja Yadavindra Singh International Cricket Stadium
1473460,2025-04-09,2025,"Narendra Modi Stadium, Ahmedabad",Ahmedabad,Gujarat Titans,Rajasthan Royals,Rajasthan Royals,field,Gujarat Titans,58.0,,B Sai Sudharsan,False,GT,Narendra Modi Stadium
1473461,2025-04-10,2025,"M Chinnaswamy Stadium, Bengaluru",Bengaluru,Royal Challengers Bengaluru,Delhi Capitals,Delhi Capitals,field,Delhi Capitals,,6.0,KL Rahul,True,DC,M Chinnaswamy Stadium
1473462,2025-04-11,2025,"MA Chidambaram Stadium, Chepauk, Chennai",Chennai,Chennai Super Kings,Kolkata Knight Riders,Kolkata Knight Riders,field,Kolkata Knight Riders,,8.0,SP Narine,True,KKR,MA Chidambaram Stadium
1473463,2025-04-12,2025,"Bharat Ratna Shri Atal Bihari Vajpayee Ekana Cricket Stadium, Lucknow",Lucknow,Gujarat Titans,Lucknow Super Giants,Lucknow Super Giants,field,Lucknow Super Giants,,6.0,AK Markram,True,LSG,Bharat Ratna Shri Atal Bihari Vajpayee Ekana Cricket Stadium
1473464,2025-04-12,2025,"Rajiv Gandhi International Stadium, Uppal, Hyderabad",Hyderabad,Punjab Kings,Sunrisers Hyderabad,Punjab Kings,bat,Sunrisers Hyderabad,,8.0,Abhishek Sharma,False,SRH,Rajiv Gandhi International Stadium
1473465,2025-04-13,2025,"Sawai Mansingh Stadium, Jaipur",Jaipur,Rajasthan Royals,Royal Challengers Bengaluru,Royal Challengers Bengaluru,field,Royal Challengers Bengaluru,,9.0,PD Salt,True,RCB,Sawai Mansingh Stadium
1473466,2025-04-13,2025,"Arun Jaitley Stadium, Delhi",Delhi,Mumbai Indians,Delhi Capitals,Delhi Capitals,field,Mumbai Indians,12.0,,KV Sharma,False,MI,Arun Jaitley Stadium
1473467,2025-04-14,2025,"Bharat Ratna Shri Atal Bihari Vajpayee Ekana Cricket Stadium, Lucknow",Lucknow,Lucknow Super Giants,Chennai Super Kings,Chennai Super Kings,field,Chennai Super Kings,,5.0,MS Dhoni,True,CSK,Bharat Ratna Shri Atal Bihari Vajpayee Ekana Cricket Stadium
1473468,2025-04-15,2025,"Maharaja Yadavindra Singh International Cricket Stadium, Mullanpur",Mohali,Punjab Kings,Kolkata Knight Riders,Punjab Kings,bat,Punjab Kings,16.0,,YS Chahal,True,PBKS,Maharaja Yadavindra Singh International Cricket Stadium
1473470,2025-04-17,2025,"Wankhede Stadium, Mumbai",Mumbai,Sunrisers Hyderabad,Mumbai Indians,Mumbai Indians,field,Mumbai Indians,,4.0,WG Jacks,True,MI,Wankhede Stadium
1473471,2025-04-18,2025,"M Chinnaswamy Stadium, Bengaluru",Bengaluru,Royal Challengers Bengaluru,Punjab Kings,Punjab Kings,field,Punjab Kings,,5.0,TH David,True,PBKS,M Chinnaswamy Stadium
1473472,2025-04-19,2025,"Narendra Modi Stadium, Ahmedabad",Ahmedabad,Delhi Capitals,Gujarat Titans,Gujarat Titans,field,Gujarat Titans,,7.0,JC Buttler,True,GT,Narendra Modi Stadium
1473473,2025-04-19,2025,"Sawai Mansingh Stadium, Jaipur",Jaipur,Lucknow Super Giants,Rajasthan Royals,Lucknow Super Giants,bat,Lucknow Super Giants,2.0,,Avesh Khan,True,LSG,Sawai Mansingh Stadium
1473474,2025-04-20,2025,"Maharaja Yadavindra Singh International Cricket Stadium, Mullanpur",Mohali,Punjab Kings,Royal Challengers Bengaluru,Royal Challengers Bengaluru,field,Royal Challengers Bengaluru,,7.0,V Kohli,True,RCB,Maharaja Yadavindra Singh International Cricket Stadium
1473475,2025-04-20,2025,"Wankhede Stadium, Mumbai",Mumbai,Chennai Super Kings,Mumbai Indians,Mumbai Indians,field,Mumbai Indians,,9.0,RG Sharma,True,MI,Wankhede Stadium
1473476,2025-04-21,2025,"Eden Gardens, Kolkata",Kolkata,Gujarat Titans,Kolkata Knight Riders,Kolkata Knight Riders,field,Gujarat Titans,39.0,,Shubman Gill,False,GT,Eden Gardens
1473477,2025-04-22,2025,"Bharat Ratna Shri Atal Bihari Vajpayee Ekana Cricket Stadium, Lucknow",Lucknow,Lucknow Super Giants,Delhi Capitals,Delhi Capitals,field,Delhi Capitals,,8.0,Mukesh Kumar,True,DC,Bharat Ratna Shri Atal Bihari Vajpayee Ekana Cricket Stadium
1473478,2025-04-23,2025,"Rajiv Gandhi International Stadium, Uppal, Hyderabad",Hyderabad,Sunrisers Hyderabad,Mumbai Indians,Mumbai Indians,field,Mumbai Indians,,7.0,TA Boult,True,MI,Rajiv Gandhi International Stadium
1473479,2025-04-24,2025,"M Chinnaswamy Stadium, Bengaluru",Bengaluru,Royal Challengers Bengaluru,Rajasthan Royals,Rajasthan Royals,field,Royal Challengers Bengaluru,11.0,,JR Hazlewood,False,RCB,M Chinnaswamy Stadium
1473480,2025-04-25,2025,"MA Chidambaram Stadium, Chepauk, Chennai",Chennai,Chennai Super Kings,Sunrisers Hyderabad,Sunrisers Hyderabad,field,Sunrisers Hyderabad,,5.0,HV Patel,True,SRH,MA Chidambaram Stadium
1473482,2025-04-27,2025,"Wankhede Stadium, Mumbai",Mumbai,Mumbai Indians,Lucknow Super Giants,Lucknow Super Giants,field,Mumbai Indians,54.0,,WG Jacks,False,MI,Wankhede Stadium
1473483,2025-04-27,2025,"Arun Jaitley Stadium, Delhi",Delhi,Delhi Capitals,Royal Challengers Bengaluru,Royal Challengers Bengaluru,field,Royal Challengers Bengaluru,,6.0,KH Pandya,True,RCB,Arun Jaitley Stadium
1473484,2025-04-28,2025,"Sawai Mansingh Stadium, Jaipur",Jaipur,Gujarat Titans,Rajasthan Royals,Rajasthan Royals,field,Rajasthan Royals,,8.0,V Suryavanshi,True,RR,Sawai Mansingh Stadium
1473485,2025-04-29,2025,"Arun Jaitley Stadium, Delhi",Delhi,Kolkata Knight Riders,Delhi Capitals,Delhi Capitals,field,Kolkata Knight Riders,14.0,,SP Narine,False,KKR,Arun Jaitley Stadium
1473486,2025-04-30,2025,"MA Chidambaram Stadium, Chepauk, Chennai",Chennai,Chennai Super Kings,Punjab Kings,Punjab Kings,field,Punjab Kings,,4.0,SS Iyer,True,PBKS,MA Chidambaram Stadium
1473487,2025-05-01,2025,"Sawai Mansingh Stadium, Jaipur",Jaipur,Mumbai Indians,Rajasthan Royals,Rajasthan Royals,field,Mumbai Indians,100.0,,RD Rickelton,False,MI,Sawai Mansingh Stadium
1473488,2025-05-02,2025,"Narendra Modi Stadium, Ahmedabad",Ahmedabad,Gujarat Titans,Sunrisers Hyderabad,Sunrisers Hyderabad,field,Gujarat Titans,38.0,,M Prasidh Krishna,False,GT,Narendra Modi Stadium
1473489,2025-05-03,2025,"M Chinnaswamy Stadium, Bengaluru",Bengaluru,Royal Challengers Bengaluru,Chennai Super Kings,Chennai Super Kings,field,Royal Challengers Bengaluru,2.0,,R Shepherd,False,RCB,M Chinnaswamy Stadium
1473490,2025-05-04,2025,"Eden Gardens, Kolkata",Kolkata,Kolkata Knight Riders,Rajasthan Royals,Kolkata Knight Riders,bat,Kolkata Knight Riders,1.0,,AD Russell,True,KKR,Eden Gardens
1473491,2025-05-04,2025,"Himachal Pradesh Cricket Association Stadium, Dharamsala",Dharamsala,Punjab Kings,Lucknow Super Giants,Lucknow Super Giants,field,Punjab Kings,37.0,,P Simran Singh,False,PBKS,Himachal Pradesh Cricket Association Stadium
1473493,2025-05-06,2025,"Wankhede Stadium, Mumbai",Mumbai,Mumbai Indians,Gujarat Titans,Gujarat Titans,field,Gujarat Titans,,3.0,Shubman Gill,True,GT,Wankhede Stadium
1473494,2025-05-07,2025,"Eden Gardens, Kolkata",Kolkata,Kolkata Knight Riders,Chennai Super Kings,Kolkata Knight Riders,bat,Chennai Super Kings,,2.0,Noor Ahmad,False,CSK,Eden Gardens
1473497,2025-05-18,2025,"Sawai Mansingh Stadium, Jaipur",Jaipur,Punjab Kings,Rajasthan Royals,Punjab Kings,bat,Punjab Kings,10.0,,Harpreet Brar,True,PBKS,Sawai Mansingh Stadium
1473498,2025-05-18,2025,"Arun Jaitley Stadium, Delhi",Delhi,Delhi Capitals,Gujarat Titans,Gujarat Titans,field,Gujarat Titans,,10.0,B Sai Sudharsan,True,GT,Arun Jaitley Stadium
1473499,2025-05-19,2025,"Bharat Ratna Shri Atal Bihari Vajpayee Ekana Cricket Stadium, Lucknow",Lucknow,Lucknow Super Giants,Sunrisers Hyderabad,Sunrisers Hyderabad,field,Sunrisers Hyderabad,,6.0,Abhishek Sharma,True,SRH,Bharat Ratna Shri Atal Bihari Vajpayee Ekana Cricket Stadium
1473500,2025-05-20,2025,"Arun Jaitley Stadium, Delhi",Delhi,Chennai Super Kings,Rajasthan Royals,Rajasthan Royals,field,Rajasthan Royals,,6.0,Akash Madhwal,True,RR,Arun Jaitley Stadium
1473501,2025-05-21,2025,"Wankhede Stadium, Mumbai",Mumbai,Mumbai Indians,Delhi Capitals,Delhi Capitals,field,Mumbai Indians,59.0,,SA Yadav,False,MI,Wankhede Stadium
1473502,2025-05-22,2025,"Narendra Modi Stadium, Ahmedabad",Ahmedabad,Lucknow Super Giants,Gujarat Titans,Gujarat Titans,field,Lucknow Super Giants,33.0,,MR Marsh,False,LSG,Narendra Modi Stadium
1473503,2025-05-23,2025,"Bharat Ratna Shri Atal Bihari Vajpayee Ekana Cricket Stadium, Lucknow",Lucknow,Sunrisers Hyderabad,Royal Challengers Bengaluru,Royal Challengers Bengaluru,field,Sunrisers Hyderabad,42.0,,Ishan Kishan,False,SRH,Bharat Ratna Shri Atal Bihari Vajpayee Ekana Cricket Stadium
1473504,2025-05-25,2025,"Narendra Modi Stadium, Ahmedabad",Ahmedabad,Chennai Super Kings,Gujarat Titans,Chennai Super Kings,bat,Chennai Super Kings,83.0,,D Brevis,True,CSK,Narendra Modi Stadium
1473505,2025-05-25,2025,"Arun Jaitley Stadium, Delhi",Delhi,Sunrisers Hyderabad,Kolkata Knight Riders,Sunrisers Hyderabad,bat,Sunrisers Hyderabad,110.0,,H Klaasen,True,SRH,Arun Jaitley Stadium
1473506,2025-05-26,2025,"Sawai Mansingh Stadium, Jaipur",Jaipur,Mumbai Indians,Punjab Kings,Punjab Kings,field,Punjab Kings,,7.0,JP Inglis,True,PBKS,Sawai Mansingh Stadium
1473507,2025-05-27,2025,"Bharat Ratna Shri Atal Bihari Vajpayee Ekana Cricket Stadium, Lucknow",Lucknow,Lucknow Super Giants,Royal Challengers Bengaluru,Royal Challengers Bengaluru,field,Royal Challengers Bengaluru,,6.0,JM Sharma,True,RCB,Bharat Ratna Shri Atal Bihari Vajpayee Ekana Cricket Stadium
1473508,2025-05-29,2025,"Maharaja Yadavindra Singh International Cricket Stadium, Mullanpur",New Chandigarh,Punjab Kings,Royal Challengers Bengaluru,Royal Challengers Bengaluru,field,Royal Challengers Bengaluru,,8.0,Suyash Sharma,True,RCB,Maharaja Yadavindra Singh International Cricket Stadium
1473509,2025-05-30,2025,"Maharaja Yadavindra Singh International Cricket Stadium, New Chandigarh",New Chandigarh,Mumbai Indians,Gujarat Titans,Mumbai Indians,bat,Mumbai Indians,20.0,,RG Sharma,True,MI,Maharaja Yadavindra Singh International Cricket Stadium
1473510,2025-06-01,2025,"Narendra Modi Stadium, Ahmedabad",Ahmedabad,Mumbai Indians,Punjab Kings,Punjab Kings,field,Punjab Kings,,5.0,SS Iyer,True,PBKS,Narendra Modi Stadium
1473511,2025-06-03,2025,"Narendra Modi Stadium, Ahmedabad",Ahmedabad,Royal Challengers Bengaluru,Punjab Kings,Punjab Kings,field,Royal Challengers Bengaluru,6.0,,KH Pandya,False,RCB,Narendra Modi Stadium
1485779,2025-05-24,2025,"Sawai Mansingh Stadium, Jaipur",Jaipur,Punjab Kings,Delhi Capitals,Delhi Capitals,field,Delhi Capitals,,6.0,Sameer Rizvi,True,DC,Sawai Mansingh Stadium
335982,2008-04-18,2008,M Chinnaswamy Stadium,Bangalore,Royal Challengers Bengaluru,Kolkata Knight Riders,Royal Challengers Bengaluru,field,Kolkata Knight Riders,140.0,,BB McCullum,False,KKR,M Chinnaswamy Stadium
335983,2008-04-19,2008,"Punjab Cricket Association Stadium, Mohali",Chandigarh,Punjab Kings,Chennai Super Kings,Chennai Super Kings,bat,Chennai Super Kings,33.0,,MEK Hussey,True,CSK,Punjab Cricket Association Stadium
335984,2008-04-19,2008,Feroz Shah Kotla,Delhi,Delhi Capitals,Rajasthan Royals,Rajasthan Royals,bat,Delhi Capitals,,9.0,MF Maharoof,False,DC,Feroz Shah Kotla
335985,2008-04-20,2008,Wankhede Stadium,Mumbai,Mumbai Indians,Royal Challengers Bengaluru,Mumbai Indians,bat,Royal Challengers Bengaluru,,5.0,MV Boucher,False,RCB,Wankhede Stadium
335986,2008-04-20,2008,Eden Gardens,Kolkata,Kolkata Knight Riders,Deccan Chargers,Deccan Chargers,bat,Kolkata Knight Riders,,5.0,DJ Hussey,False,KKR,Eden Gardens
335987,2008-04-21,2008,Sawai Mansingh Stadium,Jaipur,Rajasthan Royals,Punjab Kings,Punjab Kings,bat,Rajasthan Royals,,6.0,SR Watson,False,RR,Sawai Mansingh Stadium
335988,2008-04-22,2008,"Rajiv Gandhi International Stadium, Uppal",Hyderabad,Deccan Chargers,Delhi Capitals,Deccan Chargers,bat,Delhi Capitals,,9.0,V Sehwag,False,DC,Rajiv Gandhi International Stadium
335989,2008-04-23,2008,"MA Chidambaram Stadium, Chepauk",Chennai,Chennai Super Kings,Mumbai Indians,Mumbai Indians,field,Chennai Super Kings,6.0,,ML Hayden,False,CSK,MA Chidambaram Stadium
335990,2008-04-24,2008,"Rajiv Gandhi International Stadium, Uppal",Hyderabad,Deccan Chargers,Rajasthan Royals,Rajasthan Royals,field,Rajasthan Royals,,3.0,YK Pathan,True,RR,Rajiv Gandhi International Stadium
335991,2008-04-25,2008,"Punjab Cricket Association Stadium, Mohali",Chandigarh,Punjab Kings,Mumbai Indians,Mumbai Indians,field,Punjab Kings,66.0,,KC Sangakkara,False,PBKS,Punjab Cricket Association Stadium
335992,2008-04-26,2008,M Chinnaswamy Stadium,Bangalore,Royal Challengers Bengaluru,Rajasthan Royals,Rajasthan Royals,field,Rajasthan Royals,,7.0,SR Watson,True,RR,M Chinnaswamy Stadium
335993,2008-04-26,2008,"MA Chidambaram Stadium, Chepauk",Chennai,Chennai Super Kings,Kolkata Knight Riders,Kolkata Knight Riders,bat,Chennai Super Kings,,9.0,JDP Oram,False,CSK,MA Chidambaram Stadium
335994,2008-04-27,2008,Dr DY Patil Sports Academy,Mumbai,Mumbai Indians,Deccan Chargers,Deccan Chargers,field,Deccan Chargers,,10.0,AC Gilchrist,True,DC2,Dr DY Patil Sports Academy
335995,2008-04-27,2008,"Punjab Cricket Association Stadium, Mohali",Chandigarh,Punjab Kings,Delhi Capitals,Delhi Capitals,bat,Punjab Kings,,4.0,SM Katich,False,PBKS,Punjab Cricket Association Stadium
335996,2008-04-28,2008,M Chinnaswamy Stadium,Bangalore,Royal Challengers Bengaluru,Chennai Super Kings,Chennai Super Kings,bat,Chennai Super Kings,13.0,,MS Dhoni,True,CSK,M Chinnaswamy Stadium
335997,2008-04-29,2008,Eden Gardens,Kolkata,Kolkata Knight Riders,Mumbai Indians,Kolkata Knight Riders,bat,Mumbai Indians,,7.0,ST Jayasuriya,False,MI,Eden Gardens
335998,2008-04-30,2008,Feroz Shah Kotla,Delhi,Delhi Capitals,Royal Challengers Bengaluru,Royal Challengers Bengaluru,field,Delhi Capitals,10.0,,GD McGrath,False,DC,Feroz Shah Kotla
335999,2008-05-01,2008,"Rajiv Gandhi International Stadium, Uppal",Hyderabad,Deccan Chargers,Punjab Kings,Punjab Kings,field,Punjab Kings,,7.0,SE Marsh,True,PBKS,Rajiv Gandhi International Stadium
336000,2008-05-01,2008,Sawai Mansingh Stadium,Jaipur,Rajasthan Royals,Kolkata Knight Riders,Rajasthan Royals,bat,Rajasthan Royals,45.0,,SA Asnodkar,True,RR,Sawai Mansingh Stadium
336001,2008-05-02,2008,"MA Chidambaram Stadium, Chepauk",Chennai,Chennai Super Kings,Delhi Capitals,Chennai Super Kings,bat,Delhi Capitals,,8.0,V Sehwag,False,DC,MA Chidambaram Stadium
336002,2008-05-25,2008,"Rajiv Gandhi International Stadium, Uppal",Hyderabad,Deccan Chargers,Royal Challengers Bengaluru,Deccan Chargers,bat,Royal Challengers Bengaluru,,5.0,R Vinay Kumar,False,RCB,Rajiv Gandhi International Stadium
336003,2008-05-03,2008,"Punjab Cricket Association Stadium, Mohali",Chandigarh,Punjab Kings,Kolkata Knight Riders,Punjab Kings,bat,Punjab Kings,9.0,,IK Pathan,True,PBKS,Punjab Cricket Association Stadium
336004,2008-05-04,2008,Dr DY Patil Sports Academy,Mumbai,Mumbai Indians,Delhi Capitals,Delhi Capitals,field,Mumbai Indians,29.0,,SM Pollock,False,MI,Dr DY Patil Sports Academy
336005,2008-05-04,2008,Sawai Mansingh Stadium,Jaipur,Rajasthan Royals,Chennai Super Kings,Chennai Super Kings,bat,Rajasthan Royals,,8.0,Sohail Tanvir,False,RR,Sawai Mansingh Stadium
336006,2008-05-05,2008,M Chinnaswamy Stadium,Bangalore,Royal Challengers Bengaluru,Punjab Kings,Punjab Kings,field,Punjab Kings,,6.0,S Sreesanth,True,PBKS,M Chinnaswamy Stadium
336007,2008-05-06,2008,"MA Chidambaram Stadium, Chepauk",Chennai,Chennai Super Kings,Deccan Chargers,Deccan Chargers,field,Deccan Chargers,,7.0,AC Gilchrist,True,DC2,MA Chidambaram Stadium
336008,2008-05-07,2008,Dr DY Patil Sports Academy,Mumbai,Mumbai Indians,Rajasthan Royals,Mumbai Indians,field,Mumbai Indians,,7.0,A Nehra,True,MI,Dr DY Patil Sports Academy
336009,2008-05-08,2008,Feroz Shah Kotla,Delhi,Delhi Capitals,Chennai Super Kings,Chennai Super Kings,field,Chennai Super Kings,,4.0,MS Dhoni,True,CSK,Feroz Shah Kotla
336010,2008-05-08,2008,Eden Gardens,Kolkata,Kolkata Knight Riders,Royal Challengers Bengaluru,Kolkata Knight Riders,bat,Kolkata Knight Riders,5.0,,SC Ganguly,True,KKR,Eden Gardens
336011,2008-05-09,2008,Sawai Mansingh Stadium,Jaipur,Rajasthan Royals,Deccan Chargers,Rajasthan Royals,field,Rajasthan Royals,,8.0,YK Pathan,True,RR,Sawai Mansingh Stadium
336012,2008-05-28,2008,M Chinnaswamy Stadium,Bangalore,Royal Challengers Bengaluru,Mumbai Indians,Mumbai Indians,field,Mumbai Indians,,9.0,CRD Fernando,True,MI,M Chinnaswamy Stadium
336013,2008-05-10,2008,"MA Chidambaram Stadium, Chepauk",Chennai,Chennai Super Kings,Punjab Kings,Punjab Kings,field,Chennai Super Kings,18.0,,L Balaji,False,CSK,MA Chidambaram Stadium
336014,2008-05-11,2008,"Rajiv Gandhi International Stadium, Uppal",Hyderabad,Deccan Chargers,Kolkata Knight Riders,Kolkata Knight Riders,bat,Kolkata Knight Riders,23.0,,SC Ganguly,True,KKR,Rajiv Gandhi International Stadium
336015,2008-05-11,2008,Sawai Mansingh Stadium,Jaipur,Rajasthan Royals,Delhi Capitals,Rajasthan Royals,field,Rajasthan Royals,,3.0,SR Watson,True,RR,Sawai Mansingh Stadium
336016,2008-05-12,2008,"Punjab Cricket Association Stadium, Mohali",Chandigarh,Punjab Kings,Royal Challengers Bengaluru,Royal Challengers Bengaluru,bat,Punjab Kings,,9.0,SE Marsh,False,PBKS,Punjab Cricket Association Stadium
336017,2008-05-13,2008,Eden Gardens,Kolkata,Kolkata Knight Riders,Delhi Capitals,Kolkata Knight Riders,bat,Kolkata Knight Riders,23.0,,Shoaib Akhtar,True,KKR,Eden Gardens
336018,2008-05-14,2008,Wankhede Stadium,Mumbai,Mumbai Indians,Chennai Super Kings,Mumbai Indians,field,Mumbai Indians,,9.0,ST Jayasuriya,True,MI,Wankhede Stadium
336019,2008-05-28,2008,"Punjab Cricket Association Stadium, Mohali",Chandigarh,Punjab Kings,Rajasthan Royals,Rajasthan Royals,field,Punjab Kings,41.0,,SE Marsh,False,PBKS,Punjab Cricket Association Stadium
336020,2008-05-15,2008,Feroz Shah Kotla,Delhi,Delhi Capitals,Deccan Chargers,Deccan Chargers,field,Delhi Capitals,12.0,,A Mishra,False,DC,Feroz Shah Kotla
336021,2008-05-16,2008,Wankhede Stadium,Mumbai,Mumbai Indians,Kolkata Knight Riders,Mumbai Indians,field,Mumbai Indians,,8.0,SM Pollock,True,MI,Wankhede Stadium
336022,2008-05-17,2008,Feroz Shah Kotla,Delhi,Delhi Capitals,Punjab Kings,Delhi Capitals,bat,Punjab Kings,6.0,,DPMD Jayawardene,False,PBKS,Feroz Shah Kotla
336023,2008-05-17,2008,Sawai Mansingh Stadium,Jaipur,Rajasthan Royals,Royal Challengers Bengaluru,Royal Challengers Bengaluru,field,Rajasthan Royals,65.0,,GC Smith,False,RR,Sawai Mansingh Stadium
336024,2008-05-18,2008,"Rajiv Gandhi International Stadium, Uppal",Hyderabad,Deccan Chargers,Mumbai Indians,Deccan Chargers,field,Mumbai Indians,25.0,,DJ Bravo,False,MI,Rajiv Gandhi International Stadium
336025,2008-05-18,2008,Eden Gardens,Kolkata,Kolkata Knight Riders,Chennai Super Kings,Kolkata Knight Riders,bat,Chennai Super Kings,3.0,,M Ntini,False,CSK,Eden Gardens
336026,2008-05-19,2008,M Chinnaswamy Stadium,Bangalore,Royal Challengers Bengaluru,Delhi Capitals,Delhi Capitals,field,Delhi Capitals,,5.0,SP Goswami,True,DC,M Chinnaswamy Stadium
336027,2008-05-20,2008,Eden Gardens,Kolkata,Kolkata Knight Riders,Rajasthan Royals,Rajasthan Royals,field,Rajasthan Royals,,6.0,YK Pathan,True,RR,Eden Gardens
336028,2008-05-21,2008,Wankhede Stadium,Mumbai,Mumbai Indians,Punjab Kings,Mumbai Indians,field,Punjab Kings,1.0,,SE Marsh,False,PBKS,Wankhede Stadium
336029,2008-05-21,2008,"MA Chidambaram Stadium, Chepauk",Chennai,Chennai Super Kings,Royal Challengers Bengaluru,Royal Challengers Bengaluru,bat,Royal Challengers Bengaluru,14.0,,A Kumble,True,RCB,MA Chidambaram Stadium
336031,2008-05-23,2008,"Punjab Cricket Association Stadium, Mohali",Chandigarh,Punjab Kings,Deccan Chargers,Punjab Kings,field,Punjab Kings,,6.0,SE Marsh,True,PBKS,Punjab Cricket Association Stadium
336032,2008-05-24,2008,Feroz Shah Kotla,Delhi,Delhi Capitals,Mumbai Indians,Delhi Capitals,field,Delhi Capitals,,5.0,KD Karthik,True,DC,Feroz Shah Kotla
336033,2008-05-24,2008,"MA Chidambaram Stadium, Chepauk",Chennai,Chennai Super Kings,Rajasthan Royals,Rajasthan Royals,bat,Rajasthan Royals,10.0,,JA Morkel,True,RR,MA Chidambaram Stadium
336034,2008-05-03,2008,M Chinnaswamy Stadium,Bangalore,Royal Challengers Bengaluru,Deccan Chargers,Deccan Chargers,field,Royal Challengers Bengaluru,3.0,,P Kumar,False,RCB,M Chinnaswamy Stadium
336035,2008-05-25,2008,Eden Gardens,Kolkata,Kolkata Knight Riders,Punjab Kings,Punjab Kings,bat,Kolkata Knight Riders,,3.0,Umar Gul,False,KKR,Eden Gardens
336036,2008-05-26,2008,Sawai Mansingh Stadium,Jaipur,Rajasthan Royals,Mumbai Indians,Rajasthan Royals,field,Rajasthan Royals,,5.0,Sohail Tanvir,True,RR,Sawai Mansingh Stadium
336037,2008-05-27,2008,"Rajiv Gandhi International Stadium, Uppal",Hyderabad,Deccan Chargers,Chennai Super Kings,Deccan Chargers,bat,Chennai Super Kings,,7.0,SK Raina,False,CSK,Rajiv Gandhi International Stadium
336038,2008-05-30,2008,Wankhede Stadium,Mumbai,Delhi Capitals,Rajasthan Royals,Delhi Capitals,field,Rajasthan Royals,105.0,,SR Watson,False,RR,Wankhede Stadium
336039,2008-05-31,2008,Wankhede Stadium,Mumbai,Chennai Super Kings,Punjab Kings,Punjab Kings,bat,Chennai Super Kings,,9.0,M Ntini,False,CSK,Wankhede Stadium
336040,2008-06-01,2008,Dr DY Patil Sports Academy,Mumbai,Chennai Super Kings,Rajasthan Royals,Rajasthan Royals,field,Rajasthan Royals,,3.0,YK Pathan,True,RR,Dr DY Patil Sports Academy
392181,2009-04-18,2009,Newlands,Cape Town,Chennai Super Kings,Mumbai Indians,Chennai Super Kings,field,Mumbai Indians,19.0,,SR Tendulkar,False,MI,Newlands
392182,2009-04-18,2009,Newlands,Cape Town,Royal Challengers Bengaluru,Rajasthan Royals,Royal Challengers Bengaluru,bat,Royal Challengers Bengaluru,75.0,,R Dravid,True,RCB,Newlands
392183,2009-04-19,2009,Newlands,Cape Town,Delhi Capitals,Punjab Kings,Delhi Capitals,field,Delhi Capitals,,10.0,DL Vettori,True,DC,Newlands
392184,2009-04-19,2009,Newlands,Cape Town,Deccan Chargers,Kolkata Knight Riders,Kolkata Knight Riders,bat,Deccan Chargers,,8.0,RP Singh,False,DC2,Newlands
392185,2009-04-20,2009,St George's Park,Port Elizabeth,Royal Challengers Bengaluru,Chennai Super Kings,Chennai Super Kings,bat,Chennai Super Kings,92.0,,M Muralitharan,True,CSK,St George's Park
392186,2009-04-21,2009,Kingsmead,Durban,Punjab Kings,Kolkata Knight Riders,Kolkata Knight Riders,field,Kolkata Knight Riders,11.0,,CH Gayle,True,KKR,Kingsmead
392188,2009-04-22,2009,Newlands,Cape Town,Royal Challengers Bengaluru,Deccan Chargers,Deccan Chargers,bat,Deccan Chargers,24.0,,AC Gilchrist,True,DC2,Newlands
392189,2009-04-23,2009,Kingsmead,Durban,Chennai Super Kings,Delhi Capitals,Delhi Capitals,bat,Delhi Capitals,9.0,,AB de Villiers,True,DC,Kingsmead
392191,2009-04-24,2009,Kingsmead,Durban,Royal Challengers Bengaluru,Punjab Kings,Royal Challengers Bengaluru,bat,Punjab Kings,,7.0,RS Bopara,False,PBKS,Kingsmead
392192,2009-04-25,2009,Kingsmead,Durban,Deccan Chargers,Mumbai Indians,Deccan Chargers,bat,Deccan Chargers,12.0,,PP Ojha,True,DC2,Kingsmead
392194,2009-04-26,2009,St George's Park,Port Elizabeth,Royal Challengers Bengaluru,Delhi Capitals,Royal Challengers Bengaluru,bat,Delhi Capitals,,6.0,TM Dilshan,False,DC,St George's Park
392195,2009-04-26,2009,Newlands,Cape Town,Punjab Kings,Rajasthan Royals,Punjab Kings,bat,Punjab Kings,27.0,,KC Sangakkara,True,PBKS,Newlands
392196,2009-04-27,2009,Kingsmead,Durban,Chennai Super Kings,Deccan Chargers,Deccan Chargers,field,Deccan Chargers,,6.0,HH Gibbs,True,DC2,Kingsmead
392197,2009-04-27,2009,St George's Park,Port Elizabeth,Kolkata Knight Riders,Mumbai Indians,Mumbai Indians,bat,Mumbai Indians,92.0,,SR Tendulkar,True,MI,St George's Park
392198,2009-04-28,2009,SuperSport Park,Centurion,Delhi Capitals,Rajasthan Royals,Delhi Capitals,bat,Rajasthan Royals,,5.0,YK Pathan,False,RR,SuperSport Park
392199,2009-04-29,2009,Kingsmead,Durban,Royal Challengers Bengaluru,Kolkata Knight Riders,Kolkata Knight Riders,bat,Royal Challengers Bengaluru,,5.0,MV Boucher,False,RCB,Kingsmead
392200,2009-04-29,2009,Kingsmead,Durban,Punjab Kings,Mumbai Indians,Punjab Kings,bat,Punjab Kings,3.0,,KC Sangakkara,True,PBKS,Kingsmead
392201,2009-04-30,2009,SuperSport Park,Centurion,Deccan Chargers,Delhi Capitals,Delhi Capitals,field,Delhi Capitals,,6.0,DP Nannes,True,DC,SuperSport Park
392202,2009-04-30,2009,SuperSport Park,Centurion,Chennai Super Kings,Rajasthan Royals,Rajasthan Royals,field,Chennai Super Kings,38.0,,SK Raina,False,CSK,SuperSport Park
392203,2009-05-01,2009,Buffalo Park,East London,Kolkata Knight Riders,Mumbai Indians,Mumbai Indians,bat,Mumbai Indians,9.0,,JP Duminy,True,MI,Buffalo Park
392204,2009-05-01,2009,Kingsmead,Durban,Royal Challengers Bengaluru,Punjab Kings,Royal Challengers Bengaluru,bat,Royal Challengers Bengaluru,8.0,,Yuvraj Singh,True,RCB,Kingsmead
392205,2009-05-02,2009,St George's Park,Port Elizabeth,Deccan Chargers,Rajasthan Royals,Deccan Chargers,bat,Rajasthan Royals,,3.0,YK Pathan,False,RR,St George's Park
392206,2009-05-02,2009,New Wanderers Stadium,Johannesburg,Chennai Super Kings,Delhi Capitals,Delhi Capitals,field,Chennai Super Kings,18.0,,SB Jakati,False,CSK,New Wanderers Stadium
392207,2009-05-03,2009,St George's Park,Port Elizabeth,Punjab Kings,Kolkata Knight Riders,Kolkata Knight Riders,bat,Punjab Kings,,6.0,DPMD Jayawardene,False,PBKS,St George's Park
392208,2009-05-03,2009,New Wanderers Stadium,Johannesburg,Royal Challengers Bengaluru,Mumbai Indians,Mumbai Indians,bat,Royal Challengers Bengaluru,,9.0,JH Kallis,False,RCB,New Wanderers Stadium
392209,2009-05-04,2009,Buffalo Park,East London,Chennai Super Kings,Deccan Chargers,Chennai Super Kings,bat,Chennai Super Kings,78.0,,MS Dhoni,True,CSK,Buffalo Park
392210,2009-05-05,2009,Kingsmead,Durban,Punjab Kings,Rajasthan Royals,Punjab Kings,field,Rajasthan Royals,78.0,,GC Smith,False,RR,Kingsmead
392211,2009-05-05,2009,Kingsmead,Durban,Delhi Capitals,Kolkata Knight Riders,Kolkata Knight Riders,bat,Delhi Capitals,,9.0,G Gambhir,False,DC,Kingsmead
392212,2009-05-06,2009,SuperSport Park,Centurion,Deccan Chargers,Mumbai Indians,Deccan Chargers,bat,Deccan Chargers,19.0,,RG Sharma,True,DC2,SuperSport Park
392213,2009-05-07,2009,SuperSport Park,Centurion,Royal Challengers Bengaluru,Rajasthan Royals,Rajasthan Royals,field,Rajasthan Royals,,7.0,A Singh,True,RR,SuperSport Park
392214,2009-05-07,2009,SuperSport Park,Centurion,Chennai Super Kings,Punjab Kings,Chennai Super Kings,bat,Chennai Super Kings,12.0,,ML Hayden,True,CSK,SuperSport Park
392215,2009-05-08,2009,Buffalo Park,East London,Delhi Capitals,Mumbai Indians,Mumbai Indians,bat,Delhi Capitals,,7.0,A Nehra,False,DC,Buffalo Park
392216,2009-05-09,2009,De Beers Diamond Oval,Kimberley,Deccan Chargers,Punjab Kings,Punjab Kings,field,Punjab Kings,,3.0,DPMD Jayawardene,True,PBKS,De Beers Diamond Oval
392217,2009-05-09,2009,De Beers Diamond Oval,Kimberley,Chennai Super Kings,Rajasthan Royals,Rajasthan Royals,bat,Chennai Super Kings,,7.0,S Badrinath,False,CSK,De Beers Diamond Oval
392218,2009-05-10,2009,St George's Park,Port Elizabeth,Royal Challengers Bengaluru,Mumbai Indians,Mumbai Indians,bat,Mumbai Indians,16.0,,JP Duminy,True,MI,St George's Park
392219,2009-05-10,2009,New Wanderers Stadium,Johannesburg,Delhi Capitals,Kolkata Knight Riders,Delhi Capitals,field,Delhi Capitals,,7.0,A Mishra,True,DC,New Wanderers Stadium
392220,2009-05-11,2009,De Beers Diamond Oval,Kimberley,Deccan Chargers,Rajasthan Royals,Deccan Chargers,bat,Deccan Chargers,53.0,,DR Smith,True,DC2,De Beers Diamond Oval
392221,2009-05-12,2009,SuperSport Park,Centurion,Royal Challengers Bengaluru,Kolkata Knight Riders,Royal Challengers Bengaluru,field,Royal Challengers Bengaluru,,6.0,LRPL Taylor,True,RCB,SuperSport Park
392222,2009-05-12,2009,SuperSport Park,Centurion,Punjab Kings,Mumbai Indians,Punjab Kings,bat,Mumbai Indians,,8.0,Harbhajan Singh,False,MI,SuperSport Park
392223,2009-05-13,2009,Kingsmead,Durban,Deccan Chargers,Delhi Capitals,Deccan Chargers,field,Delhi Capitals,12.0,,R Bhatia,False,DC,Kingsmead
392224,2009-05-14,2009,Kingsmead,Durban,Royal Challengers Bengaluru,Chennai Super Kings,Chennai Super Kings,bat,Royal Challengers Bengaluru,,2.0,LRPL Taylor,False,RCB,Kingsmead
392225,2009-05-14,2009,Kingsmead,Durban,Mumbai Indians,Rajasthan Royals,Rajasthan Royals,bat,Rajasthan Royals,2.0,,SK Warne,True,RR,Kingsmead
392226,2009-05-15,2009,OUTsurance Oval,Bloemfontein,Delhi Capitals,Punjab Kings,Punjab Kings,field,Punjab Kings,,6.0,B Lee,True,PBKS,OUTsurance Oval
392227,2009-05-16,2009,St George's Park,Port Elizabeth,Chennai Super Kings,Mumbai Indians,Mumbai Indians,bat,Chennai Super Kings,,7.0,ML Hayden,False,CSK,St George's Park
392228,2009-05-16,2009,New Wanderers Stadium,Johannesburg,Deccan Chargers,Kolkata Knight Riders,Deccan Chargers,field,Deccan Chargers,,6.0,RG Sharma,True,DC2,New Wanderers Stadium
392229,2009-05-17,2009,New Wanderers Stadium,Johannesburg,Deccan Chargers,Punjab Kings,Deccan Chargers,field,Punjab Kings,1.0,,Yuvraj Singh,False,PBKS,New Wanderers Stadium
392230,2009-05-17,2009,OUTsurance Oval,Bloemfontein,Delhi Capitals,Rajasthan Royals,Delhi Capitals,bat,Delhi Capitals,14.0,,AB de Villiers,True,DC,OUTsurance Oval
392231,2009-05-18,2009,SuperSport Park,Centurion,Chennai Super Kings,Kolkata Knight Riders,Chennai Super Kings,bat,Kolkata Knight Riders,,7.0,BJ Hodge,False,KKR,SuperSport Park
392232,2009-05-19,2009,New Wanderers Stadium,Johannesburg,Royal Challengers Bengaluru,Delhi Capitals,Delhi Capitals,bat,Royal Challengers Bengaluru,,7.0,JH Kallis,False,RCB,New Wanderers Stadium
392233,2009-05-20,2009,Kingsmead,Durban,Kolkata Knight Riders,Rajasthan Royals,Kolkata Knight Riders,field,Kolkata Knight Riders,,4.0,LR Shukla,True,KKR,Kingsmead
392234,2009-05-20,2009,Kingsmead,Durban,Chennai Super Kings,Punjab Kings,Chennai Super Kings,bat,Chennai Super Kings,24.0,,M Muralitharan,True,CSK,Kingsmead
392235,2009-05-21,2009,SuperSport Park,Centurion,Delhi Capitals,Mumbai Indians,Delhi Capitals,field,Delhi Capitals,,4.0,V Sehwag,True,DC,SuperSport Park
392236,2009-05-21,2009,SuperSport Park,Centurion,Royal Challengers Bengaluru,Deccan Chargers,Royal Challengers Bengaluru,bat,Royal Challengers Bengaluru,12.0,,MK Pandey,True,RCB,SuperSport Park
392237,2009-05-22,2009,SuperSport Park,Centurion,Delhi Capitals,Deccan Chargers,Deccan Chargers,field,Deccan Chargers,,6.0,AC Gilchrist,True,DC2,SuperSport Park
392238,2009-05-23,2009,New Wanderers Stadium,Johannesburg,Royal Challengers Bengaluru,Chennai Super Kings,Royal Challengers Bengaluru,field,Royal Challengers Bengaluru,,6.0,MK Pandey,True,RCB,New Wanderers Stadium
392239,2009-05-24,2009,New Wanderers Stadium,Johannesburg,Royal Challengers Bengaluru,Deccan Chargers,Royal Challengers Bengaluru,field,Deccan Chargers,6.0,,A Kumble,False,DC2,New Wanderers Stadium
419106,2010-03-12,2010,Dr DY Patil Sports Academy,Mumbai,Deccan Chargers,Kolkata Knight Riders,Deccan Chargers,field,Kolkata Knight Riders,11.0,,AD Mathews,False,KKR,Dr DY Patil Sports Academy
419107,2010-03-13,2010,Brabourne Stadium,Mumbai,Mumbai Indians,Rajasthan Royals,Mumbai Indians,bat,Mumbai Indians,4.0,,YK Pathan,True,MI,Brabourne Stadium
419108,2010-03-13,2010,"Punjab Cricket Association Stadium, Mohali",Chandigarh,Punjab Kings,Delhi Capitals,Delhi Capitals,field,Delhi Capitals,,5.0,G Gambhir,True,DC,Punjab Cricket Association Stadium
419109,2010-03-14,2010,Eden Gardens,Kolkata,Kolkata Knight Riders,Royal Challengers Bengaluru,Kolkata Knight Riders,field,Kolkata Knight Riders,,7.0,MK Tiwary,True,KKR,Eden Gardens
419110,2010-03-14,2010,"MA Chidambaram Stadium, Chepauk",Chennai,Chennai Super Kings,Deccan Chargers,Deccan Chargers,bat,Deccan Chargers,31.0,,WPUJC Vaas,True,DC2,MA Chidambaram Stadium
419111,2010-03-15,2010,"Sardar Patel Stadium, Motera",Ahmedabad,Rajasthan Royals,Delhi Capitals,Delhi Capitals,field,Delhi Capitals,,6.0,V Sehwag,True,DC,Sardar Patel Stadium
419112,2010-03-16,2010,M Chinnaswamy Stadium,Bangalore,Royal Challengers Bengaluru,Punjab Kings,Punjab Kings,bat,Royal Challengers Bengaluru,,8.0,JH Kallis,False,RCB,M Chinnaswamy Stadium
419113,2010-03-16,2010,Eden Gardens,Kolkata,Kolkata Knight Riders,Chennai Super Kings,Chennai Super Kings,bat,Chennai Super Kings,55.0,,MS Dhoni,True,CSK,Eden Gardens
419114,2010-03-17,2010,Feroz Shah Kotla,Delhi,Delhi Capitals,Mumbai Indians,Delhi Capitals,field,Mumbai Indians,98.0,,SR Tendulkar,False,MI,Feroz Shah Kotla
419115,2010-03-18,2010,M Chinnaswamy Stadium,Bangalore,Royal Challengers Bengaluru,Rajasthan Royals,Royal Challengers Bengaluru,field,Royal Challengers Bengaluru,,10.0,JH Kallis,True,RCB,M Chinnaswamy Stadium
419116,2010-03-19,2010,Feroz Shah Kotla,Delhi,Delhi Capitals,Chennai Super Kings,Delhi Capitals,bat,Chennai Super Kings,,5.0,ML Hayden,False,CSK,Feroz Shah Kotla
419117,2010-03-19,2010,Barabati Stadium,Cuttack,Deccan Chargers,Punjab Kings,Punjab Kings,field,Deccan Chargers,6.0,,A Symonds,False,DC2,Barabati Stadium
419118,2010-03-20,2010,"Sardar Patel Stadium, Motera",Ahmedabad,Rajasthan Royals,Kolkata Knight Riders,Rajasthan Royals,bat,Rajasthan Royals,34.0,,AA Jhunjhunwala,True,RR,Sardar Patel Stadium
419119,2010-03-20,2010,Brabourne Stadium,Mumbai,Mumbai Indians,Royal Challengers Bengaluru,Mumbai Indians,bat,Royal Challengers Bengaluru,,7.0,JH Kallis,False,RCB,Brabourne Stadium
419120,2010-03-21,2010,Barabati Stadium,Cuttack,Deccan Chargers,Delhi Capitals,Deccan Chargers,bat,Deccan Chargers,10.0,,A Symonds,True,DC2,Barabati Stadium
419122,2010-03-22,2010,Brabourne Stadium,Mumbai,Mumbai Indians,Kolkata Knight Riders,Kolkata Knight Riders,bat,Mumbai Indians,,7.0,SR Tendulkar,False,MI,Brabourne Stadium
419123,2010-03-23,2010,M Chinnaswamy Stadium,Bangalore,Royal Challengers Bengaluru,Chennai Super Kings,Chennai Super Kings,field,Royal Challengers Bengaluru,36.0,,RV Uthappa,False,RCB,M Chinnaswamy Stadium
419124,2010-03-24,2010,"Punjab Cricket Association Stadium, Mohali",Chandigarh,Punjab Kings,Rajasthan Royals,Punjab Kings,field,Rajasthan Royals,31.0,,AC Voges,False,RR,Punjab Cricket Association Stadium
419125,2010-03-25,2010,"Brabourne Stadium, Mumbai",Mumbai,Chennai Super Kings,Mumbai Indians,Mumbai Indians,field,Mumbai Indians,,5.0,SR Tendulkar,True,MI,Brabourne Stadium
419126,2010-03-26,2010,"Sardar Patel Stadium, Motera",Ahmedabad,Rajasthan Royals,Deccan Chargers,Deccan Chargers,bat,Rajasthan Royals,,8.0,YK Pathan,False,RR,Sardar Patel Stadium
419127,2010-03-27,2010,"Punjab Cricket Association Stadium, Mohali",Chandigarh,Punjab Kings,Kolkata Knight Riders,Kolkata Knight Riders,bat,Kolkata Knight Riders,39.0,,MK Tiwary,True,KKR,Punjab Cricket Association Stadium
419128,2010-03-25,2010,M Chinnaswamy Stadium,Bangalore,Royal Challengers Bengaluru,Delhi Capitals,Royal Challengers Bengaluru,field,Delhi Capitals,17.0,,KM Jadhav,False,DC,M Chinnaswamy Stadium
419129,2010-03-28,2010,"Sardar Patel Stadium, Motera",Ahmedabad,Rajasthan Royals,Chennai Super Kings,Rajasthan Royals,bat,Rajasthan Royals,17.0,,NV Ojha,True,RR,Sardar Patel Stadium
419130,2010-03-28,2010,Dr DY Patil Sports Academy,Mumbai,Deccan Chargers,Mumbai Indians,Deccan Chargers,field,Mumbai Indians,41.0,,Harbhajan Singh,False,MI,Dr DY Patil Sports Academy
419131,2010-03-29,2010,Feroz Shah Kotla,Delhi,Delhi Capitals,Kolkata Knight Riders,Delhi Capitals,bat,Delhi Capitals,40.0,,DA Warner,True,DC,Feroz Shah Kotla
419132,2010-03-30,2010,Brabourne Stadium,Mumbai,Mumbai Indians,Punjab Kings,Mumbai Indians,field,Mumbai Indians,,4.0,SL Malinga,True,MI,Brabourne Stadium
419133,2010-03-31,2010,"MA Chidambaram Stadium, Chepauk",Chennai,Chennai Super Kings,Royal Challengers Bengaluru,Royal Challengers Bengaluru,bat,Chennai Super Kings,,5.0,M Vijay,False,CSK,MA Chidambaram Stadium
419134,2010-03-31,2010,Feroz Shah Kotla,Delhi,Delhi Capitals,Rajasthan Royals,Delhi Capitals,bat,Delhi Capitals,67.0,,KD Karthik,True,DC,Feroz Shah Kotla
419135,2010-04-01,2010,Eden Gardens,Kolkata,Kolkata Knight Riders,Deccan Chargers,Kolkata Knight Riders,bat,Kolkata Knight Riders,24.0,,SC Ganguly,True,KKR,Eden Gardens
419136,2010-04-02,2010,"Punjab Cricket Association Stadium, Mohali",Chandigarh,Punjab Kings,Royal Challengers Bengaluru,Punjab Kings,bat,Royal Challengers Bengaluru,,6.0,KP Pietersen,False,RCB,Punjab Cricket Association Stadium
419137,2010-04-03,2010,"MA Chidambaram Stadium, Chepauk",Chennai,Chennai Super Kings,Rajasthan Royals,Chennai Super Kings,bat,Chennai Super Kings,23.0,,M Vijay,True,CSK,MA Chidambaram Stadium
419138,2010-04-03,2010,Brabourne Stadium,Mumbai,Mumbai Indians,Deccan Chargers,Mumbai Indians,bat,Mumbai Indians,63.0,,AT Rayudu,True,MI,Brabourne Stadium
419139,2010-04-04,2010,Eden Gardens,Kolkata,Kolkata Knight Riders,Punjab Kings,Kolkata Knight Riders,bat,Punjab Kings,,8.0,DPMD Jayawardene,False,PBKS,Eden Gardens
419140,2010-04-04,2010,Feroz Shah Kotla,Delhi,Delhi Capitals,Royal Challengers Bengaluru,Delhi Capitals,bat,Delhi Capitals,37.0,,PD Collingwood,True,DC,Feroz Shah Kotla
419141,2010-04-05,2010,"Vidarbha Cricket Association Stadium, Jamtha",Nagpur,Deccan Chargers,Rajasthan Royals,Rajasthan Royals,bat,Rajasthan Royals,2.0,,SK Warne,True,RR,Vidarbha Cricket Association Stadium
419142,2010-04-06,2010,"MA Chidambaram Stadium, Chepauk",Chennai,Chennai Super Kings,Mumbai Indians,Chennai Super Kings,bat,Chennai Super Kings,24.0,,SK Raina,True,CSK,MA Chidambaram Stadium
419143,2010-04-07,2010,Sawai Mansingh Stadium,Jaipur,Rajasthan Royals,Punjab Kings,Punjab Kings,bat,Rajasthan Royals,,9.0,MJ Lumb,False,RR,Sawai Mansingh Stadium
419144,2010-04-07,2010,Eden Gardens,Kolkata,Kolkata Knight Riders,Delhi Capitals,Kolkata Knight Riders,bat,Kolkata Knight Riders,14.0,,SC Ganguly,True,KKR,Eden Gardens
419145,2010-04-08,2010,M Chinnaswamy Stadium,Bangalore,Royal Challengers Bengaluru,Deccan Chargers,Deccan Chargers,field,Deccan Chargers,,7.0,TL Suman,True,DC2,M Chinnaswamy Stadium
419146,2010-04-09,2010,"Punjab Cricket Association Stadium, Mohali",Chandigarh,Punjab Kings,Mumbai Indians,Mumbai Indians,bat,Punjab Kings,,6.0,KC Sangakkara,False,PBKS,Punjab Cricket Association Stadium
419147,2010-04-10,2010,"Vidarbha Cricket Association Stadium, Jamtha",Nagpur,Deccan Chargers,Chennai Super Kings,Chennai Super Kings,bat,Deccan Chargers,,6.0,RJ Harris,False,DC2,Vidarbha Cricket Association Stadium
419148,2010-04-10,2010,M Chinnaswamy Stadium,Bangalore,Royal Challengers Bengaluru,Kolkata Knight Riders,Royal Challengers Bengaluru,field,Royal Challengers Bengaluru,,7.0,R Vinay Kumar,True,RCB,M Chinnaswamy Stadium
419149,2010-04-11,2010,Feroz Shah Kotla,Delhi,Delhi Capitals,Punjab Kings,Delhi Capitals,bat,Punjab Kings,,7.0,PP Chawla,False,PBKS,Feroz Shah Kotla
419150,2010-04-11,2010,Sawai Mansingh Stadium,Jaipur,Rajasthan Royals,Mumbai Indians,Rajasthan Royals,field,Mumbai Indians,37.0,,SR Tendulkar,False,MI,Sawai Mansingh Stadium
419151,2010-04-12,2010,"Vidarbha Cricket Association Stadium, Jamtha",Nagpur,Deccan Chargers,Royal Challengers Bengaluru,Royal Challengers Bengaluru,field,Deccan Chargers,13.0,,Harmeet Singh,False,DC2,Vidarbha Cricket Association Stadium
419152,2010-04-13,2010,Brabourne Stadium,Mumbai,Mumbai Indians,Delhi Capitals,Mumbai Indians,bat,Mumbai Indians,39.0,,KA Pollard,True,MI,Brabourne Stadium
419153,2010-04-13,2010,"MA Chidambaram Stadium, Chepauk",Chennai,Chennai Super Kings,Kolkata Knight Riders,Kolkata Knight Riders,bat,Chennai Super Kings,,9.0,R Ashwin,False,CSK,MA Chidambaram Stadium
419154,2010-04-14,2010,Sawai Mansingh Stadium,Jaipur,Rajasthan Royals,Royal Challengers Bengaluru,Rajasthan Royals,bat,Royal Challengers Bengaluru,,5.0,KP Pietersen,False,RCB,Sawai Mansingh Stadium
419155,2010-04-15,2010,"MA Chidambaram Stadium, Chepauk",Chennai,Chennai Super Kings,Delhi Capitals,Chennai Super Kings,bat,Delhi Capitals,,6.0,G Gambhir,False,DC,MA Chidambaram Stadium
419156,2010-04-16,2010,Himachal Pradesh Cricket Association Stadium,Dharamsala,Punjab Kings,Deccan Chargers,Deccan Chargers,field,Deccan Chargers,,5.0,RG Sharma,True,DC2,Himachal Pradesh Cricket Association Stadium
419157,2010-04-17,2010,M Chinnaswamy Stadium,Bangalore,Royal Challengers Bengaluru,Mumbai Indians,Royal Challengers Bengaluru,field,Mumbai Indians,57.0,,R McLaren,False,MI,M Chinnaswamy Stadium
419158,2010-04-17,2010,Eden Gardens,Kolkata,Kolkata Knight Riders,Rajasthan Royals,Rajasthan Royals,bat,Kolkata Knight Riders,,8.0,JD Unadkat,False,KKR,Eden Gardens
419159,2010-04-18,2010,Himachal Pradesh Cricket Association Stadium,Dharamsala,Punjab Kings,Chennai Super Kings,Chennai Super Kings,field,Chennai Super Kings,,6.0,MS Dhoni,True,CSK,Himachal Pradesh Cricket Association Stadium
419160,2010-04-18,2010,Feroz Shah Kotla,Delhi,Delhi Capitals,Deccan Chargers,Deccan Chargers,bat,Deccan Chargers,11.0,,A Symonds,True,DC2,Feroz Shah Kotla
419161,2010-04-19,2010,Eden Gardens,Kolkata,Kolkata Knight Riders,Mumbai Indians,Mumbai Indians,bat,Kolkata Knight Riders,,9.0,M Kartik,False,KKR,Eden Gardens
419162,2010-04-21,2010,Dr DY Patil Sports Academy,Mumbai,Royal Challengers Bengaluru,Mumbai Indians,Mumbai Indians,bat,Mumbai Indians,35.0,,KA Pollard,True,MI,Dr DY Patil Sports Academy
419163,2010-04-22,2010,Dr DY Patil Sports Academy,Mumbai,Chennai Super Kings,Deccan Chargers,Chennai Super Kings,bat,Chennai Super Kings,38.0,,DE Bollinger,True,CSK,Dr DY Patil Sports Academy
419164,2010-04-24,2010,Dr DY Patil Sports Academy,Mumbai,Royal Challengers Bengaluru,Deccan Chargers,Deccan Chargers,bat,Royal Challengers Bengaluru,,9.0,A Kumble,False,RCB,Dr DY Patil Sports Academy
419165,2010-04-25,2010,Dr DY Patil Sports Academy,Mumbai,Chennai Super Kings,Mumbai Indians,Chennai Super Kings,bat,Chennai Super Kings,22.0,,SK Raina,True,CSK,Dr DY Patil Sports Academy
501198,2011-04-08,2011,"MA Chidambaram Stadium, Chepauk",Chennai,Chennai Super Kings,Kolkata Knight Riders,Chennai Super Kings,bat,Chennai Super Kings,2.0,,S Anirudha,True,CSK,MA Chidambaram Stadium
501199,2011-04-09,2011,"Rajiv Gandhi International Stadium, Uppal",Hyderabad,Deccan Chargers,Rajasthan Royals,Rajasthan Royals,field,Rajasthan Royals,,8.0,SK Trivedi,True,RR,Rajiv Gandhi International Stadium
501200,2011-04-09,2011,Nehru Stadium,Kochi,Kochi Tuskers Kerala,Royal Challengers Bengaluru,Kochi Tuskers Kerala,bat,Royal Challengers Bengaluru,,6.0,AB de Villiers,False,RCB,Nehru Stadium
501201,2011-04-10,2011,Feroz Shah Kotla,Delhi,Delhi Capitals,Mumbai Indians,Delhi Capitals,bat,Mumbai Indians,,8.0,SL Malinga,False,MI,Feroz Shah Kotla
501202,2011-04-10,2011,Dr DY Patil Sports Academy,Mumbai,Pune Warriors,Punjab Kings,Punjab Kings,bat,Pune Warriors,,7.0,SB Wagh,False,PW,Dr DY Patil Sports Academy
501203,2011-04-11,2011,Eden Gardens,Kolkata,Kolkata Knight Riders,Deccan Chargers,Kolkata Knight Riders,bat,Kolkata Knight Riders,9.0,,JH Kallis,True,KKR,Eden Gardens
501204,2011-04-12,2011,Sawai Mansingh Stadium,Jaipur,Rajasthan Royals,Delhi Capitals,Delhi Capitals,bat,Rajasthan Royals,,6.0,SK Warne,False,RR,Sawai Mansingh Stadium
501205,2011-04-12,2011,M Chinnaswamy Stadium,Bangalore,Royal Challengers Bengaluru,Mumbai Indians,Mumbai Indians,field,Mumbai Indians,,9.0,SR Tendulkar,True,MI,M Chinnaswamy Stadium
501206,2011-04-13,2011,"Punjab Cricket Association Stadium, Mohali",Chandigarh,Punjab Kings,Chennai Super Kings,Punjab Kings,field,Punjab Kings,,6.0,PC Valthaty,True,PBKS,Punjab Cricket Association Stadium
501207,2011-04-13,2011,Dr DY Patil Sports Academy,Mumbai,Pune Warriors,Kochi Tuskers Kerala,Kochi Tuskers Kerala,bat,Pune Warriors,,4.0,MD Mishra,False,PW,Dr DY Patil Sports Academy
501208,2011-04-14,2011,"Rajiv Gandhi International Stadium, Uppal",Hyderabad,Deccan Chargers,Royal Challengers Bengaluru,Royal Challengers Bengaluru,field,Deccan Chargers,33.0,,DW Steyn,False,DC2,Rajiv Gandhi International Stadium
501209,2011-04-15,2011,Sawai Mansingh Stadium,Jaipur,Rajasthan Royals,Kolkata Knight Riders,Kolkata Knight Riders,field,Kolkata Knight Riders,,9.0,G Gambhir,True,KKR,Sawai Mansingh Stadium
501210,2011-04-15,2011,Wankhede Stadium,Mumbai,Mumbai Indians,Kochi Tuskers Kerala,Kochi Tuskers Kerala,field,Kochi Tuskers Kerala,,8.0,BB McCullum,True,KTK,Wankhede Stadium
501211,2011-04-16,2011,"MA Chidambaram Stadium, Chepauk",Chennai,Chennai Super Kings,Royal Challengers Bengaluru,Chennai Super Kings,bat,Chennai Super Kings,21.0,,MEK Hussey,True,CSK,MA Chidambaram Stadium
501212,2011-04-16,2011,"Rajiv Gandhi International Stadium, Uppal",Hyderabad,Deccan Chargers,Punjab Kings,Punjab Kings,field,Punjab Kings,,8.0,PC Valthaty,True,PBKS,Rajiv Gandhi International Stadium
501213,2011-04-17,2011,Dr DY Patil Sports Academy,Mumbai,Pune Warriors,Delhi Capitals,Delhi Capitals,field,Delhi Capitals,,3.0,Yuvraj Singh,True,DC,Dr DY Patil Sports Academy
501214,2011-04-17,2011,Eden Gardens,Kolkata,Kolkata Knight Riders,Rajasthan Royals,Kolkata Knight Riders,field,Kolkata Knight Riders,,8.0,L Balaji,True,KKR,Eden Gardens
501215,2011-04-18,2011,Nehru Stadium,Kochi,Kochi Tuskers Kerala,Chennai Super Kings,Kochi Tuskers Kerala,field,Kochi Tuskers Kerala,,7.0,BB McCullum,True,KTK,Nehru Stadium
501216,2011-04-19,2011,Feroz Shah Kotla,Delhi,Delhi Capitals,Deccan Chargers,Deccan Chargers,bat,Deccan Chargers,16.0,,S Sohal,True,DC2,Feroz Shah Kotla
501218,2011-04-20,2011,Wankhede Stadium,Mumbai,Mumbai Indians,Pune Warriors,Pune Warriors,bat,Mumbai Indians,,7.0,MM Patel,False,MI,Wankhede Stadium
501219,2011-04-20,2011,Eden Gardens,Kolkata,Kolkata Knight Riders,Kochi Tuskers Kerala,Kolkata Knight Riders,field,Kochi Tuskers Kerala,6.0,,DPMD Jayawardene,False,KTK,Eden Gardens
501220,2011-04-21,2011,"Punjab Cricket Association Stadium, Mohali",Chandigarh,Punjab Kings,Rajasthan Royals,Rajasthan Royals,field,Punjab Kings,48.0,,SE Marsh,False,PBKS,Punjab Cricket Association Stadium
501221,2011-04-22,2011,Wankhede Stadium,Mumbai,Mumbai Indians,Chennai Super Kings,Chennai Super Kings,field,Mumbai Indians,8.0,,Harbhajan Singh,False,MI,Wankhede Stadium
501222,2011-04-22,2011,Eden Gardens,Kolkata,Kolkata Knight Riders,Royal Challengers Bengaluru,Royal Challengers Bengaluru,field,Royal Challengers Bengaluru,,9.0,CH Gayle,True,RCB,Eden Gardens
501223,2011-04-23,2011,Feroz Shah Kotla,Delhi,Delhi Capitals,Punjab Kings,Punjab Kings,field,Delhi Capitals,29.0,,DA Warner,False,DC,Feroz Shah Kotla
501224,2011-04-24,2011,"Rajiv Gandhi International Stadium, Uppal",Hyderabad,Deccan Chargers,Mumbai Indians,Deccan Chargers,field,Mumbai Indians,37.0,,SL Malinga,False,MI,Rajiv Gandhi International Stadium
501225,2011-04-24,2011,Sawai Mansingh Stadium,Jaipur,Rajasthan Royals,Kochi Tuskers Kerala,Rajasthan Royals,field,Rajasthan Royals,,8.0,SK Warne,True,RR,Sawai Mansingh Stadium
501226,2011-04-25,2011,"MA Chidambaram Stadium, Chepauk",Chennai,Chennai Super Kings,Pune Warriors,Pune Warriors,field,Chennai Super Kings,25.0,,MEK Hussey,False,CSK,MA Chidambaram Stadium
501227,2011-04-26,2011,Feroz Shah Kotla,Delhi,Delhi Capitals,Royal Challengers Bengaluru,Royal Challengers Bengaluru,field,Royal Challengers Bengaluru,,3.0,V Kohli,True,RCB,Feroz Shah Kotla
501228,2011-04-27,2011,Dr DY Patil Sports Academy,Mumbai,Pune Warriors,Chennai Super Kings,Pune Warriors,bat,Chennai Super Kings,,8.0,DE Bollinger,False,CSK,Dr DY Patil Sports Academy
501229,2011-04-27,2011,Nehru Stadium,Kochi,Kochi Tuskers Kerala,Deccan Chargers,Kochi Tuskers Kerala,field,Deccan Chargers,55.0,,I Sharma,False,DC2,Nehru Stadium
501230,2011-04-28,2011,Feroz Shah Kotla,Delhi,Delhi Capitals,Kolkata Knight Riders,Delhi Capitals,field,Kolkata Knight Riders,17.0,,MK Tiwary,False,KKR,Feroz Shah Kotla
501231,2011-04-29,2011,Sawai Mansingh Stadium,Jaipur,Rajasthan Royals,Mumbai Indians,Rajasthan Royals,field,Rajasthan Royals,,7.0,J Botha,True,RR,Sawai Mansingh Stadium
501232,2011-04-29,2011,M Chinnaswamy Stadium,Bangalore,Royal Challengers Bengaluru,Pune Warriors,Pune Warriors,field,Royal Challengers Bengaluru,26.0,,V Kohli,False,RCB,M Chinnaswamy Stadium
501233,2011-04-30,2011,Nehru Stadium,Kochi,Kochi Tuskers Kerala,Delhi Capitals,Delhi Capitals,bat,Delhi Capitals,38.0,,V Sehwag,True,DC,Nehru Stadium
501234,2011-04-30,2011,Eden Gardens,Kolkata,Kolkata Knight Riders,Punjab Kings,Kolkata Knight Riders,field,Kolkata Knight Riders,,8.0,Iqbal Abdulla,True,KKR,Eden Gardens
501235,2011-05-01,2011,Sawai Mansingh Stadium,Jaipur,Rajasthan Royals,Pune Warriors,Rajasthan Royals,field,Rajasthan Royals,,6.0,LRPL Taylor,True,RR,Sawai Mansingh Stadium
501236,2011-05-01,2011,"MA Chidambaram Stadium, Chepauk",Chennai,Chennai Super Kings,Deccan Chargers,Chennai Super Kings,bat,Chennai Super Kings,19.0,,JA Morkel,True,CSK,MA Chidambaram Stadium
501237,2011-05-02,2011,Wankhede Stadium,Mumbai,Mumbai Indians,Punjab Kings,Punjab Kings,field,Mumbai Indians,23.0,,KA Pollard,False,MI,Wankhede Stadium
501238,2011-05-02,2011,Feroz Shah Kotla,Delhi,Delhi Capitals,Kochi Tuskers Kerala,Kochi Tuskers Kerala,field,Kochi Tuskers Kerala,,7.0,P Parameswaran,True,KTK,Feroz Shah Kotla
501239,2011-05-03,2011,"Rajiv Gandhi International Stadium, Uppal",Hyderabad,Deccan Chargers,Kolkata Knight Riders,Deccan Chargers,field,Kolkata Knight Riders,20.0,,YK Pathan,False,KKR,Rajiv Gandhi International Stadium
501240,2011-05-04,2011,"MA Chidambaram Stadium, Chepauk",Chennai,Chennai Super Kings,Rajasthan Royals,Rajasthan Royals,bat,Chennai Super Kings,,8.0,MEK Hussey,False,CSK,MA Chidambaram Stadium
501241,2011-05-04,2011,Dr DY Patil Sports Academy,Mumbai,Pune Warriors,Mumbai Indians,Pune Warriors,field,Mumbai Indians,21.0,,R Sharma,False,MI,Dr DY Patil Sports Academy
501242,2011-05-05,2011,Nehru Stadium,Kochi,Kochi Tuskers Kerala,Kolkata Knight Riders,Kolkata Knight Riders,field,Kochi Tuskers Kerala,17.0,,BJ Hodge,False,KTK,Nehru Stadium
501243,2011-05-05,2011,"Rajiv Gandhi International Stadium, Uppal",Hyderabad,Deccan Chargers,Delhi Capitals,Delhi Capitals,field,Delhi Capitals,,4.0,V Sehwag,True,DC,Rajiv Gandhi International Stadium
501244,2011-05-06,2011,M Chinnaswamy Stadium,Bangalore,Royal Challengers Bengaluru,Punjab Kings,Punjab Kings,field,Royal Challengers Bengaluru,85.0,,CH Gayle,False,RCB,M Chinnaswamy Stadium
501245,2011-05-07,2011,Eden Gardens,Kolkata,Kolkata Knight Riders,Chennai Super Kings,Chennai Super Kings,bat,Kolkata Knight Riders,10.0,,Iqbal Abdulla,False,KKR,Eden Gardens
501246,2011-05-07,2011,Wankhede Stadium,Mumbai,Mumbai Indians,Delhi Capitals,Delhi Capitals,field,Mumbai Indians,32.0,,AT Rayudu,False,MI,Wankhede Stadium
501247,2011-05-08,2011,M Chinnaswamy Stadium,Bangalore,Royal Challengers Bengaluru,Kochi Tuskers Kerala,Kochi Tuskers Kerala,bat,Royal Challengers Bengaluru,,9.0,CH Gayle,False,RCB,M Chinnaswamy Stadium
501248,2011-05-08,2011,"Punjab Cricket Association Stadium, Mohali",Chandigarh,Punjab Kings,Pune Warriors,Punjab Kings,bat,Pune Warriors,,5.0,R Sharma,False,PW,Punjab Cricket Association Stadium
501249,2011-05-09,2011,Sawai Mansingh Stadium,Jaipur,Rajasthan Royals,Chennai Super Kings,Rajasthan Royals,field,Chennai Super Kings,63.0,,M Vijay,False,CSK,Sawai Mansingh Stadium
501250,2011-05-10,2011,"Rajiv Gandhi International Stadium, Uppal",Hyderabad,Deccan Chargers,Pune Warriors,Deccan Chargers,bat,Pune Warriors,,6.0,MR Marsh,False,PW,Rajiv Gandhi International Stadium
501251,2011-05-10,2011,"Punjab Cricket Association Stadium, Mohali",Chandigarh,Punjab Kings,Mumbai Indians,Mumbai Indians,field,Punjab Kings,76.0,,BA Bhatt,False,PBKS,Punjab Cricket Association Stadium
501252,2011-05-11,2011,Sawai Mansingh Stadium,Jaipur,Rajasthan Royals,Royal Challengers Bengaluru,Royal Challengers Bengaluru,field,Royal Challengers Bengaluru,,9.0,S Aravind,True,RCB,Sawai Mansingh Stadium
501253,2011-05-12,2011,"MA Chidambaram Stadium, Chepauk",Chennai,Chennai Super Kings,Delhi Capitals,Chennai Super Kings,bat,Chennai Super Kings,18.0,,MS Dhoni,True,CSK,MA Chidambaram Stadium
501254,2011-05-13,2011,Holkar Cricket Stadium,Indore,Kochi Tuskers Kerala,Punjab Kings,Punjab Kings,field,Punjab Kings,,6.0,KD Karthik,True,PBKS,Holkar Cricket Stadium
501255,2011-05-14,2011,M Chinnaswamy Stadium,Bangalore,Royal Challengers Bengaluru,Kolkata Knight Riders,Royal Challengers Bengaluru,field,Royal Challengers Bengaluru,,4.0,CH Gayle,True,RCB,M Chinnaswamy Stadium
501256,2011-05-14,2011,Wankhede Stadium,Mumbai,Mumbai Indians,Deccan Chargers,Deccan Chargers,bat,Deccan Chargers,10.0,,A Mishra,True,DC2,Wankhede Stadium
501257,2011-05-15,2011,Himachal Pradesh Cricket Association Stadium,Dharamsala,Punjab Kings,Delhi Capitals,Delhi Capitals,field,Punjab Kings,29.0,,PP Chawla,False,PBKS,Himachal Pradesh Cricket Association Stadium
501258,2011-05-15,2011,Holkar Cricket Stadium,Indore,Kochi Tuskers Kerala,Rajasthan Royals,Kochi Tuskers Kerala,field,Kochi Tuskers Kerala,,8.0,BJ Hodge,True,KTK,Holkar Cricket Stadium
501259,2011-05-16,2011,Dr DY Patil Sports Academy,Mumbai,Pune Warriors,Deccan Chargers,Deccan Chargers,field,Deccan Chargers,,6.0,A Mishra,True,DC2,Dr DY Patil Sports Academy
501260,2011-05-17,2011,Himachal Pradesh Cricket Association Stadium,Dharamsala,Punjab Kings,Royal Challengers Bengaluru,Punjab Kings,bat,Punjab Kings,111.0,,AC Gilchrist,True,PBKS,Himachal Pradesh Cricket Association Stadium
501261,2011-05-18,2011,"MA Chidambaram Stadium, Chepauk",Chennai,Chennai Super Kings,Kochi Tuskers Kerala,Chennai Super Kings,bat,Chennai Super Kings,11.0,,WP Saha,True,CSK,MA Chidambaram Stadium
501262,2011-05-19,2011,Dr DY Patil Sports Academy,Mumbai,Pune Warriors,Kolkata Knight Riders,Kolkata Knight Riders,field,Kolkata Knight Riders,,7.0,YK Pathan,True,KKR,Dr DY Patil Sports Academy
501263,2011-05-20,2011,Wankhede Stadium,Mumbai,Mumbai Indians,Rajasthan Royals,Mumbai Indians,bat,Rajasthan Royals,,10.0,SR Watson,False,RR,Wankhede Stadium
501264,2011-05-21,2011,Himachal Pradesh Cricket Association Stadium,Dharamsala,Punjab Kings,Deccan Chargers,Punjab Kings,field,Deccan Chargers,82.0,,S Dhawan,False,DC2,Himachal Pradesh Cricket Association Stadium
501266,2011-05-22,2011,M Chinnaswamy Stadium,Bangalore,Royal Challengers Bengaluru,Chennai Super Kings,Royal Challengers Bengaluru,field,Royal Challengers Bengaluru,,8.0,CH Gayle,True,RCB,M Chinnaswamy Stadium
501267,2011-05-22,2011,Eden Gardens,Kolkata,Kolkata Knight Riders,Mumbai Indians,Mumbai Indians,field,Mumbai Indians,,5.0,JEC Franklin,True,MI,Eden Gardens
501268,2011-05-24,2011,Wankhede Stadium,Mumbai,Royal Challengers Bengaluru,Chennai Super Kings,Chennai Super Kings,field,Chennai Super Kings,,6.0,SK Raina,True,CSK,Wankhede Stadium
501269,2011-05-25,2011,Wankhede Stadium,Mumbai,Mumbai Indians,Kolkata Knight Riders,Mumbai Indians,field,Mumbai Indians,,4.0,MM Patel,True,MI,Wankhede Stadium
501270,2011-05-27,2011,"MA Chidambaram Stadium, Chepauk",Chennai,Royal Challengers Bengaluru,Mumbai Indians,Mumbai Indians,field,Royal Challengers Bengaluru,43.0,,CH Gayle,False,RCB,MA Chidambaram Stadium
501271,2011-05-28,2011,"MA Chidambaram Stadium, Chepauk",Chennai,Chennai Super Kings,Royal Challengers Bengaluru,Chennai Super Kings,bat,Chennai Super Kings,58.0,,M Vijay,True,CSK,MA Chidambaram Stadium
548306,2012-04-04,2012,"MA Chidambaram Stadium, Chepauk",Chennai,Chennai Super Kings,Mumbai Indians,Mumbai Indians,field,Mumbai Indians,,8.0,RE Levi,True,MI,MA Chidambaram Stadium
548307,2012-04-05,2012,Eden Gardens,Kolkata,Kolkata Knight Riders,Delhi Capitals,Delhi Capitals,field,Delhi Capitals,,8.0,IK Pathan,True,DC,Eden Gardens
548308,2012-04-06,2012,Wankhede Stadium,Mumbai,Mumbai Indians,Pune Warriors,Mumbai Indians,field,Pune Warriors,28.0,,SPD Smith,False,PW,Wankhede Stadium
548309,2012-04-06,2012,Sawai Mansingh Stadium,Jaipur,Rajasthan Royals,Punjab Kings,Punjab Kings,field,Rajasthan Royals,31.0,,AM Rahane,False,RR,Sawai Mansingh Stadium
548310,2012-04-07,2012,M Chinnaswamy Stadium,Bangalore,Royal Challengers Bengaluru,Delhi Capitals,Delhi Capitals,field,Royal Challengers Bengaluru,20.0,,AB de Villiers,False,RCB,M Chinnaswamy Stadium
548311,2012-04-07,2012,Dr. Y.S. Rajasekhara Reddy ACA-VDCA Cricket Stadium,Visakhapatnam,Deccan Chargers,Chennai Super Kings,Deccan Chargers,field,Chennai Super Kings,74.0,,RA Jadeja,False,CSK,Dr. Y.S. Rajasekhara Reddy ACA-VDCA Cricket Stadium
548312,2012-04-08,2012,Sawai Mansingh Stadium,Jaipur,Rajasthan Royals,Kolkata Knight Riders,Kolkata Knight Riders,field,Rajasthan Royals,22.0,,BJ Hodge,False,RR,Sawai Mansingh Stadium
548313,2012-04-08,2012,Subrata Roy Sahara Stadium,Pune,Pune Warriors,Punjab Kings,Pune Warriors,bat,Pune Warriors,22.0,,MN Samuels,True,PW,Subrata Roy Sahara Stadium
548314,2012-04-09,2012,Dr. Y.S. Rajasekhara Reddy ACA-VDCA Cricket Stadium,Visakhapatnam,Deccan Chargers,Mumbai Indians,Deccan Chargers,bat,Mumbai Indians,,5.0,RG Sharma,False,MI,Dr. Y.S. Rajasekhara Reddy ACA-VDCA Cricket Stadium
548315,2012-04-10,2012,M Chinnaswamy Stadium,Bangalore,Royal Challengers Bengaluru,Kolkata Knight Riders,Royal Challengers Bengaluru,field,Kolkata Knight Riders,42.0,,L Balaji,False,KKR,M Chinnaswamy Stadium
548316,2012-04-10,2012,Feroz Shah Kotla,Delhi,Delhi Capitals,Chennai Super Kings,Delhi Capitals,field,Delhi Capitals,,8.0,M Morkel,True,DC,Feroz Shah Kotla
548317,2012-04-11,2012,Wankhede Stadium,Mumbai,Mumbai Indians,Rajasthan Royals,Rajasthan Royals,field,Mumbai Indians,27.0,,KA Pollard,False,MI,Wankhede Stadium
548318,2012-04-12,2012,"MA Chidambaram Stadium, Chepauk",Chennai,Chennai Super Kings,Royal Challengers Bengaluru,Royal Challengers Bengaluru,bat,Chennai Super Kings,,5.0,F du Plessis,False,CSK,MA Chidambaram Stadium
548319,2012-04-12,2012,"Punjab Cricket Association Stadium, Mohali",Chandigarh,Punjab Kings,Pune Warriors,Punjab Kings,field,Punjab Kings,,7.0,AD Mascarenhas,True,PBKS,Punjab Cricket Association Stadium
548320,2012-04-13,2012,Eden Gardens,Kolkata,Kolkata Knight Riders,Rajasthan Royals,Rajasthan Royals,bat,Kolkata Knight Riders,,5.0,Shakib Al Hasan,False,KKR,Eden Gardens
548321,2012-04-19,2012,Feroz Shah Kotla,Delhi,Delhi Capitals,Deccan Chargers,Deccan Chargers,bat,Delhi Capitals,,5.0,KP Pietersen,False,DC,Feroz Shah Kotla
548322,2012-04-14,2012,Subrata Roy Sahara Stadium,Pune,Pune Warriors,Chennai Super Kings,Chennai Super Kings,bat,Pune Warriors,,7.0,JD Ryder,False,PW,Subrata Roy Sahara Stadium
548323,2012-04-15,2012,Eden Gardens,Kolkata,Kolkata Knight Riders,Punjab Kings,Kolkata Knight Riders,field,Punjab Kings,2.0,,SP Narine,False,PBKS,Eden Gardens
548324,2012-04-15,2012,M Chinnaswamy Stadium,Bangalore,Royal Challengers Bengaluru,Rajasthan Royals,Rajasthan Royals,bat,Rajasthan Royals,59.0,,AM Rahane,True,RR,M Chinnaswamy Stadium
548325,2012-04-16,2012,Wankhede Stadium,Mumbai,Mumbai Indians,Delhi Capitals,Delhi Capitals,field,Delhi Capitals,,7.0,S Nadeem,True,DC,Wankhede Stadium
548326,2012-04-17,2012,Sawai Mansingh Stadium,Jaipur,Rajasthan Royals,Deccan Chargers,Deccan Chargers,bat,Rajasthan Royals,,5.0,BJ Hodge,False,RR,Sawai Mansingh Stadium
548327,2012-04-17,2012,M Chinnaswamy Stadium,Bangalore,Royal Challengers Bengaluru,Pune Warriors,Pune Warriors,bat,Royal Challengers Bengaluru,,6.0,CH Gayle,False,RCB,M Chinnaswamy Stadium
548328,2012-04-18,2012,"Punjab Cricket Association Stadium, Mohali",Chandigarh,Punjab Kings,Kolkata Knight Riders,Punjab Kings,bat,Kolkata Knight Riders,,8.0,G Gambhir,False,KKR,Punjab Cricket Association Stadium
548329,2012-05-10,2012,"Rajiv Gandhi International Stadium, Uppal",Hyderabad,Deccan Chargers,Delhi Capitals,Deccan Chargers,bat,Delhi Capitals,,9.0,DA Warner,False,DC,Rajiv Gandhi International Stadium
548330,2012-04-19,2012,"MA Chidambaram Stadium, Chepauk",Chennai,Chennai Super Kings,Pune Warriors,Pune Warriors,field,Chennai Super Kings,13.0,,KMDN Kulasekara,False,CSK,MA Chidambaram Stadium
548331,2012-04-20,2012,"Punjab Cricket Association Stadium, Mohali",Chandigarh,Punjab Kings,Royal Challengers Bengaluru,Royal Challengers Bengaluru,field,Royal Challengers Bengaluru,,5.0,CH Gayle,True,RCB,Punjab Cricket Association Stadium
548332,2012-04-21,2012,"MA Chidambaram Stadium, Chepauk",Chennai,Chennai Super Kings,Rajasthan Royals,Rajasthan Royals,bat,Chennai Super Kings,,7.0,F du Plessis,False,CSK,MA Chidambaram Stadium
548333,2012-04-21,2012,Feroz Shah Kotla,Delhi,Delhi Capitals,Pune Warriors,Delhi Capitals,field,Pune Warriors,20.0,,SC Ganguly,False,PW,Feroz Shah Kotla
548334,2012-04-22,2012,Wankhede Stadium,Mumbai,Mumbai Indians,Punjab Kings,Mumbai Indians,bat,Punjab Kings,,6.0,SE Marsh,False,PBKS,Wankhede Stadium
548335,2012-04-22,2012,Barabati Stadium,Cuttack,Deccan Chargers,Kolkata Knight Riders,Kolkata Knight Riders,field,Kolkata Knight Riders,,5.0,B Lee,True,KKR,Barabati Stadium
548336,2012-04-23,2012,Sawai Mansingh Stadium,Jaipur,Rajasthan Royals,Royal Challengers Bengaluru,Rajasthan Royals,field,Royal Challengers Bengaluru,46.0,,AB de Villiers,False,RCB,Sawai Mansingh Stadium
548337,2012-04-24,2012,Subrata Roy Sahara Stadium,Pune,Pune Warriors,Delhi Capitals,Pune Warriors,bat,Delhi Capitals,,8.0,V Sehwag,False,DC,Subrata Roy Sahara Stadium
548339,2012-04-25,2012,"Punjab Cricket Association Stadium, Mohali",Chandigarh,Punjab Kings,Mumbai Indians,Punjab Kings,bat,Mumbai Indians,,4.0,AT Rayudu,False,MI,Punjab Cricket Association Stadium
548341,2012-04-26,2012,Subrata Roy Sahara Stadium,Pune,Pune Warriors,Deccan Chargers,Deccan Chargers,bat,Deccan Chargers,18.0,,CL White,True,DC2,Subrata Roy Sahara Stadium
548342,2012-04-27,2012,Feroz Shah Kotla,Delhi,Delhi Capitals,Mumbai Indians,Mumbai Indians,field,Delhi Capitals,37.0,,V Sehwag,False,DC,Feroz Shah Kotla
548343,2012-04-28,2012,"MA Chidambaram Stadium, Chepauk",Chennai,Chennai Super Kings,Punjab Kings,Punjab Kings,bat,Punjab Kings,7.0,,Mandeep Singh,True,PBKS,MA Chidambaram Stadium
548344,2012-04-28,2012,Eden Gardens,Kolkata,Kolkata Knight Riders,Royal Challengers Bengaluru,Kolkata Knight Riders,bat,Kolkata Knight Riders,47.0,,G Gambhir,True,KKR,Eden Gardens
548345,2012-04-29,2012,Feroz Shah Kotla,Delhi,Delhi Capitals,Rajasthan Royals,Delhi Capitals,bat,Delhi Capitals,1.0,,V Sehwag,True,DC,Feroz Shah Kotla
548346,2012-04-29,2012,Wankhede Stadium,Mumbai,Mumbai Indians,Deccan Chargers,Mumbai Indians,field,Mumbai Indians,,5.0,DW Steyn,True,MI,Wankhede Stadium
548347,2012-04-30,2012,"MA Chidambaram Stadium, Chepauk",Chennai,Chennai Super Kings,Kolkata Knight Riders,Chennai Super Kings,bat,Kolkata Knight Riders,,5.0,G Gambhir,False,KKR,MA Chidambaram Stadium
548348,2012-05-01,2012,Barabati Stadium,Cuttack,Deccan Chargers,Pune Warriors,Deccan Chargers,bat,Deccan Chargers,13.0,,KC Sangakkara,True,DC2,Barabati Stadium
548349,2012-05-01,2012,Sawai Mansingh Stadium,Jaipur,Rajasthan Royals,Delhi Capitals,Rajasthan Royals,bat,Delhi Capitals,,6.0,P Negi,False,DC,Sawai Mansingh Stadium
548350,2012-05-02,2012,M Chinnaswamy Stadium,Bangalore,Royal Challengers Bengaluru,Punjab Kings,Punjab Kings,field,Punjab Kings,,4.0,Azhar Mahmood,True,PBKS,M Chinnaswamy Stadium
548351,2012-05-03,2012,Subrata Roy Sahara Stadium,Pune,Pune Warriors,Mumbai Indians,Mumbai Indians,bat,Mumbai Indians,1.0,,SL Malinga,True,MI,Subrata Roy Sahara Stadium
548352,2012-05-04,2012,"MA Chidambaram Stadium, Chepauk",Chennai,Chennai Super Kings,Deccan Chargers,Chennai Super Kings,bat,Chennai Super Kings,10.0,,SK Raina,True,CSK,MA Chidambaram Stadium
548353,2012-05-05,2012,Eden Gardens,Kolkata,Kolkata Knight Riders,Pune Warriors,Kolkata Knight Riders,bat,Kolkata Knight Riders,7.0,,SP Narine,True,KKR,Eden Gardens
548354,2012-05-05,2012,"Punjab Cricket Association Stadium, Mohali",Chandigarh,Punjab Kings,Rajasthan Royals,Rajasthan Royals,bat,Rajasthan Royals,43.0,,SR Watson,True,RR,Punjab Cricket Association Stadium
548355,2012-05-06,2012,Wankhede Stadium,Mumbai,Mumbai Indians,Chennai Super Kings,Mumbai Indians,field,Mumbai Indians,,2.0,DR Smith,True,MI,Wankhede Stadium
548356,2012-05-06,2012,M Chinnaswamy Stadium,Bangalore,Royal Challengers Bengaluru,Deccan Chargers,Royal Challengers Bengaluru,field,Royal Challengers Bengaluru,,5.0,AB de Villiers,True,RCB,M Chinnaswamy Stadium
548357,2012-05-07,2012,Feroz Shah Kotla,Delhi,Delhi Capitals,Kolkata Knight Riders,Delhi Capitals,bat,Kolkata Knight Riders,,6.0,JH Kallis,False,KKR,Feroz Shah Kotla
548358,2012-05-08,2012,Subrata Roy Sahara Stadium,Pune,Pune Warriors,Rajasthan Royals,Pune Warriors,bat,Rajasthan Royals,,7.0,SR Watson,False,RR,Subrata Roy Sahara Stadium
548359,2012-05-08,2012,"Rajiv Gandhi International Stadium, Uppal",Hyderabad,Deccan Chargers,Punjab Kings,Deccan Chargers,field,Punjab Kings,25.0,,Mandeep Singh,False,PBKS,Rajiv Gandhi International Stadium
548360,2012-05-09,2012,Wankhede Stadium,Mumbai,Mumbai Indians,Royal Challengers Bengaluru,Royal Challengers Bengaluru,field,Royal Challengers Bengaluru,,9.0,CH Gayle,True,RCB,Wankhede Stadium
548361,2012-05-10,2012,Sawai Mansingh Stadium,Jaipur,Rajasthan Royals,Chennai Super Kings,Chennai Super Kings,field,Chennai Super Kings,,4.0,BW Hilfenhaus,True,CSK,Sawai Mansingh Stadium
548362,2012-05-11,2012,Subrata Roy Sahara Stadium,Pune,Pune Warriors,Royal Challengers Bengaluru,Pune Warriors,field,Royal Challengers Bengaluru,35.0,,CH Gayle,False,RCB,Subrata Roy Sahara Stadium
548363,2012-05-12,2012,Eden Gardens,Kolkata,Kolkata Knight Riders,Mumbai Indians,Mumbai Indians,bat,Mumbai Indians,27.0,,RG Sharma,True,MI,Eden Gardens
548364,2012-05-12,2012,"MA Chidambaram Stadium, Chepauk",Chennai,Chennai Super Kings,Delhi Capitals,Chennai Super Kings,field,Chennai Super Kings,,9.0,BW Hilfenhaus,True,CSK,MA Chidambaram Stadium
548365,2012-05-13,2012,Sawai Mansingh Stadium,Jaipur,Rajasthan Royals,Pune Warriors,Rajasthan Royals,bat,Rajasthan Royals,45.0,,A Chandila,True,RR,Sawai Mansingh Stadium
548366,2012-05-13,2012,"Punjab Cricket Association Stadium, Mohali",Chandigarh,Punjab Kings,Deccan Chargers,Deccan Chargers,bat,Punjab Kings,,4.0,DJ Hussey,False,PBKS,Punjab Cricket Association Stadium
548367,2012-05-14,2012,M Chinnaswamy Stadium,Bangalore,Royal Challengers Bengaluru,Mumbai Indians,Mumbai Indians,field,Mumbai Indians,,5.0,AT Rayudu,True,MI,M Chinnaswamy Stadium
548368,2012-05-14,2012,Eden Gardens,Kolkata,Kolkata Knight Riders,Chennai Super Kings,Chennai Super Kings,field,Chennai Super Kings,,5.0,MEK Hussey,True,CSK,Eden Gardens
548369,2012-05-15,2012,Feroz Shah Kotla,Delhi,Delhi Capitals,Punjab Kings,Punjab Kings,bat,Delhi Capitals,,5.0,UT Yadav,False,DC,Feroz Shah Kotla
548370,2012-05-16,2012,Wankhede Stadium,Mumbai,Mumbai Indians,Kolkata Knight Riders,Mumbai Indians,field,Kolkata Knight Riders,32.0,,SP Narine,False,KKR,Wankhede Stadium
548371,2012-05-17,2012,Himachal Pradesh Cricket Association Stadium,Dharamsala,Punjab Kings,Chennai Super Kings,Punjab Kings,field,Punjab Kings,,6.0,AC Gilchrist,True,PBKS,Himachal Pradesh Cricket Association Stadium
548372,2012-05-17,2012,Feroz Shah Kotla,Delhi,Delhi Capitals,Royal Challengers Bengaluru,Delhi Capitals,field,Royal Challengers Bengaluru,21.0,,CH Gayle,False,RCB,Feroz Shah Kotla
548373,2012-05-18,2012,"Rajiv Gandhi International Stadium, Uppal",Hyderabad,Deccan Chargers,Rajasthan Royals,Rajasthan Royals,bat,Deccan Chargers,,5.0,DW Steyn,False,DC2,Rajiv Gandhi International Stadium
548374,2012-05-19,2012,Himachal Pradesh Cricket Association Stadium,Dharamsala,Punjab Kings,Delhi Capitals,Delhi Capitals,field,Delhi Capitals,,6.0,UT Yadav,True,DC,Himachal Pradesh Cricket Association Stadium
548375,2012-05-19,2012,Subrata Roy Sahara Stadium,Pune,Pune Warriors,Kolkata Knight Riders,Kolkata Knight Riders,bat,Kolkata Knight Riders,34.0,,Shakib Al Hasan,True,KKR,Subrata Roy Sahara Stadium
548376,2012-05-20,2012,"Rajiv Gandhi International Stadium, Uppal",Hyderabad,Deccan Chargers,Royal Challengers Bengaluru,Royal Challengers Bengaluru,field,Deccan Chargers,9.0,,DW Steyn,False,DC2,Rajiv Gandhi International Stadium
548377,2012-05-20,2012,Sawai Mansingh Stadium,Jaipur,Rajasthan Royals,Mumbai Indians,Rajasthan Royals,bat,Mumbai Indians,,10.0,DR Smith,False,MI,Sawai Mansingh Stadium
548378,2012-05-22,2012,Subrata Roy Sahara Stadium,Pune,Delhi Capitals,Kolkata Knight Riders,Kolkata Knight Riders,bat,Kolkata Knight Riders,18.0,,YK Pathan,True,KKR,Subrata Roy Sahara Stadium
548379,2012-05-23,2012,M Chinnaswamy Stadium,Bangalore,Chennai Super Kings,Mumbai Indians,Mumbai Indians,field,Chennai Super Kings,38.0,,MS Dhoni,False,CSK,M Chinnaswamy Stadium
548380,2012-05-25,2012,"MA Chidambaram Stadium, Chepauk",Chennai,Delhi Capitals,Chennai Super Kings,Delhi Capitals,field,Chennai Super Kings,86.0,,M Vijay,False,CSK,MA Chidambaram Stadium
548381,2012-05-27,2012,"MA Chidambaram Stadium, Chepauk",Chennai,Kolkata Knight Riders,Chennai Super Kings,Chennai Super Kings,bat,Kolkata Knight Riders,,5.0,MS Bisla,False,KKR,MA Chidambaram Stadium
597998,2013-04-03,2013,Eden Gardens,Kolkata,Kolkata Knight Riders,Delhi Capitals,Kolkata Knight Riders,field,Kolkata Knight Riders,,6.0,SP Narine,True,KKR,Eden Gardens
597999,2013-04-04,2013,M Chinnaswamy Stadium,Bangalore,Royal Challengers Bengaluru,Mumbai Indians,Mumbai Indians,field,Royal Challengers Bengaluru,2.0,,CH Gayle,False,RCB,M Chinnaswamy Stadium
598000,2013-04-05,2013,"Rajiv Gandhi International Stadium, Uppal",Hyderabad,Sunrisers Hyderabad,Pune Warriors,Pune Warriors,field,Sunrisers Hyderabad,22.0,,A Mishra,False,SRH,Rajiv Gandhi International Stadium
598001,2013-04-06,2013,Feroz Shah Kotla,Delhi,Delhi Capitals,Rajasthan Royals,Rajasthan Royals,bat,Rajasthan Royals,5.0,,R Dravid,True,RR,Feroz Shah Kotla
598002,2013-04-06,2013,"MA Chidambaram Stadium, Chepauk",Chennai,Chennai Super Kings,Mumbai Indians,Mumbai Indians,bat,Mumbai Indians,9.0,,KA Pollard,True,MI,MA Chidambaram Stadium
598003,2013-04-07,2013,Subrata Roy Sahara Stadium,Pune,Pune Warriors,Punjab Kings,Pune Warriors,bat,Punjab Kings,,8.0,M Vohra,False,PBKS,Subrata Roy Sahara Stadium
598005,2013-04-08,2013,Sawai Mansingh Stadium,Jaipur,Rajasthan Royals,Kolkata Knight Riders,Kolkata Knight Riders,field,Rajasthan Royals,19.0,,SK Trivedi,False,RR,Sawai Mansingh Stadium
598006,2013-04-09,2013,Wankhede Stadium,Mumbai,Mumbai Indians,Delhi Capitals,Mumbai Indians,bat,Mumbai Indians,44.0,,KD Karthik,True,MI,Wankhede Stadium
598007,2013-04-10,2013,"Punjab Cricket Association Stadium, Mohali",Chandigarh,Punjab Kings,Chennai Super Kings,Chennai Super Kings,field,Chennai Super Kings,,10.0,MEK Hussey,True,CSK,Punjab Cricket Association Stadium
598008,2013-04-11,2013,M Chinnaswamy Stadium,Bangalore,Royal Challengers Bengaluru,Kolkata Knight Riders,Royal Challengers Bengaluru,field,Royal Challengers Bengaluru,,8.0,CH Gayle,True,RCB,M Chinnaswamy Stadium
598009,2013-04-11,2013,Subrata Roy Sahara Stadium,Pune,Pune Warriors,Rajasthan Royals,Rajasthan Royals,bat,Pune Warriors,,7.0,AJ Finch,False,PW,Subrata Roy Sahara Stadium
598010,2013-04-12,2013,Feroz Shah Kotla,Delhi,Delhi Capitals,Sunrisers Hyderabad,Delhi Capitals,bat,Sunrisers Hyderabad,,3.0,A Mishra,False,SRH,Feroz Shah Kotla
598011,2013-04-13,2013,Wankhede Stadium,Mumbai,Mumbai Indians,Pune Warriors,Mumbai Indians,bat,Mumbai Indians,41.0,,RG Sharma,True,MI,Wankhede Stadium
598012,2013-04-13,2013,"MA Chidambaram Stadium, Chepauk",Chennai,Chennai Super Kings,Royal Challengers Bengaluru,Chennai Super Kings,field,Chennai Super Kings,,4.0,RA Jadeja,True,CSK,MA Chidambaram Stadium
598013,2013-04-14,2013,Eden Gardens,Kolkata,Kolkata Knight Riders,Sunrisers Hyderabad,Kolkata Knight Riders,bat,Kolkata Knight Riders,48.0,,G Gambhir,True,KKR,Eden Gardens
598014,2013-04-14,2013,Sawai Mansingh Stadium,Jaipur,Rajasthan Royals,Punjab Kings,Rajasthan Royals,field,Rajasthan Royals,,6.0,JP Faulkner,True,RR,Sawai Mansingh Stadium
598015,2013-04-15,2013,"MA Chidambaram Stadium, Chepauk",Chennai,Chennai Super Kings,Pune Warriors,Pune Warriors,bat,Pune Warriors,24.0,,SPD Smith,True,PW,MA Chidambaram Stadium
598016,2013-04-16,2013,"Punjab Cricket Association Stadium, Mohali",Chandigarh,Punjab Kings,Kolkata Knight Riders,Kolkata Knight Riders,field,Punjab Kings,4.0,,MS Gony,False,PBKS,Punjab Cricket Association Stadium
598018,2013-04-17,2013,Maharashtra Cricket Association Stadium,Pune,Pune Warriors,Sunrisers Hyderabad,Pune Warriors,field,Sunrisers Hyderabad,11.0,,A Mishra,False,SRH,Maharashtra Cricket Association Stadium
598019,2013-04-17,2013,Sawai Mansingh Stadium,Jaipur,Rajasthan Royals,Mumbai Indians,Rajasthan Royals,bat,Rajasthan Royals,87.0,,AM Rahane,True,RR,Sawai Mansingh Stadium
598020,2013-04-18,2013,Feroz Shah Kotla,Delhi,Delhi Capitals,Chennai Super Kings,Chennai Super Kings,bat,Chennai Super Kings,86.0,,MEK Hussey,True,CSK,Feroz Shah Kotla
598021,2013-04-19,2013,"Rajiv Gandhi International Stadium, Uppal",Hyderabad,Sunrisers Hyderabad,Punjab Kings,Punjab Kings,bat,Sunrisers Hyderabad,,5.0,GH Vihari,False,SRH,Rajiv Gandhi International Stadium
598022,2013-04-20,2013,Eden Gardens,Kolkata,Kolkata Knight Riders,Chennai Super Kings,Kolkata Knight Riders,bat,Chennai Super Kings,,4.0,RA Jadeja,False,CSK,Eden Gardens
598023,2013-04-20,2013,M Chinnaswamy Stadium,Bangalore,Royal Challengers Bengaluru,Rajasthan Royals,Royal Challengers Bengaluru,field,Royal Challengers Bengaluru,,7.0,R Vinay Kumar,True,RCB,M Chinnaswamy Stadium
598024,2013-04-21,2013,Feroz Shah Kotla,Delhi,Delhi Capitals,Mumbai Indians,Mumbai Indians,bat,Delhi Capitals,,9.0,V Sehwag,False,DC,Feroz Shah Kotla
598025,2013-04-21,2013,"Punjab Cricket Association Stadium, Mohali",Chandigarh,Punjab Kings,Pune Warriors,Punjab Kings,field,Punjab Kings,,7.0,DA Miller,True,PBKS,Punjab Cricket Association Stadium
598026,2013-04-22,2013,"MA Chidambaram Stadium, Chepauk",Chennai,Chennai Super Kings,Rajasthan Royals,Rajasthan Royals,bat,Chennai Super Kings,,5.0,MEK Hussey,False,CSK,MA Chidambaram Stadium
598027,2013-04-23,2013,M Chinnaswamy Stadium,Bangalore,Royal Challengers Bengaluru,Pune Warriors,Pune Warriors,field,Royal Challengers Bengaluru,130.0,,CH Gayle,False,RCB,M Chinnaswamy Stadium
598028,2013-05-16,2013,Himachal Pradesh Cricket Association Stadium,Dharamsala,Punjab Kings,Delhi Capitals,Delhi Capitals,field,Punjab Kings,7.0,,DA Miller,False,PBKS,Himachal Pradesh Cricket Association Stadium
598029,2013-04-24,2013,Eden Gardens,Kolkata,Kolkata Knight Riders,Mumbai Indians,Kolkata Knight Riders,bat,Mumbai Indians,,5.0,DR Smith,False,MI,Eden Gardens
598030,2013-04-25,2013,"MA Chidambaram Stadium, Chepauk",Chennai,Chennai Super Kings,Sunrisers Hyderabad,Sunrisers Hyderabad,bat,Chennai Super Kings,,5.0,MS Dhoni,False,CSK,MA Chidambaram Stadium
598031,2013-04-26,2013,Eden Gardens,Kolkata,Kolkata Knight Riders,Punjab Kings,Punjab Kings,bat,Kolkata Knight Riders,,6.0,JH Kallis,False,KKR,Eden Gardens
598032,2013-04-27,2013,Sawai Mansingh Stadium,Jaipur,Rajasthan Royals,Sunrisers Hyderabad,Sunrisers Hyderabad,bat,Rajasthan Royals,,8.0,JP Faulkner,False,RR,Sawai Mansingh Stadium
598033,2013-04-27,2013,Wankhede Stadium,Mumbai,Mumbai Indians,Royal Challengers Bengaluru,Mumbai Indians,bat,Mumbai Indians,58.0,,DR Smith,True,MI,Wankhede Stadium
598034,2013-04-28,2013,"MA Chidambaram Stadium, Chepauk",Chennai,Chennai Super Kings,Kolkata Knight Riders,Kolkata Knight Riders,field,Chennai Super Kings,14.0,,MEK Hussey,False,CSK,MA Chidambaram Stadium
598035,2013-04-28,2013,Shaheed Veer Narayan Singh International Stadium,Raipur,Delhi Capitals,Pune Warriors,Pune Warriors,field,Delhi Capitals,15.0,,DA Warner,False,DC,Shaheed Veer Narayan Singh International Stadium
598036,2013-04-29,2013,Sawai Mansingh Stadium,Jaipur,Rajasthan Royals,Royal Challengers Bengaluru,Rajasthan Royals,field,Rajasthan Royals,,4.0,SV Samson,True,RR,Sawai Mansingh Stadium
598037,2013-04-29,2013,Wankhede Stadium,Mumbai,Mumbai Indians,Punjab Kings,Mumbai Indians,bat,Mumbai Indians,4.0,,RG Sharma,True,MI,Wankhede Stadium
598038,2013-04-30,2013,Subrata Roy Sahara Stadium,Pune,Pune Warriors,Chennai Super Kings,Chennai Super Kings,bat,Chennai Super Kings,37.0,,MS Dhoni,True,CSK,Subrata Roy Sahara Stadium
598039,2013-05-01,2013,"Rajiv Gandhi International Stadium, Uppal",Hyderabad,Sunrisers Hyderabad,Mumbai Indians,Mumbai Indians,bat,Sunrisers Hyderabad,,7.0,I Sharma,False,SRH,Rajiv Gandhi International Stadium
598040,2013-05-01,2013,Shaheed Veer Narayan Singh International Stadium,Raipur,Delhi Capitals,Kolkata Knight Riders,Kolkata Knight Riders,bat,Delhi Capitals,,7.0,DA Warner,False,DC,Shaheed Veer Narayan Singh International Stadium
598041,2013-05-02,2013,"MA Chidambaram Stadium, Chepauk",Chennai,Chennai Super Kings,Punjab Kings,Chennai Super Kings,bat,Chennai Super Kings,15.0,,SK Raina,True,CSK,MA Chidambaram Stadium
598042,2013-05-02,2013,Subrata Roy Sahara Stadium,Pune,Pune Warriors,Royal Challengers Bengaluru,Royal Challengers Bengaluru,bat,Royal Challengers Bengaluru,17.0,,AB de Villiers,True,RCB,Subrata Roy Sahara Stadium
598043,2013-05-03,2013,Eden Gardens,Kolkata,Kolkata Knight Riders,Rajasthan Royals,Rajasthan Royals,bat,Kolkata Knight Riders,,8.0,YK Pathan,False,KKR,Eden Gardens
598044,2013-05-04,2013,"Rajiv Gandhi International Stadium, Uppal",Hyderabad,Sunrisers Hyderabad,Delhi Capitals,Delhi Capitals,bat,Sunrisers Hyderabad,,6.0,DJG Sammy,False,SRH,Rajiv Gandhi International Stadium
598045,2013-05-14,2013,M Chinnaswamy Stadium,Bangalore,Royal Challengers Bengaluru,Punjab Kings,Punjab Kings,field,Punjab Kings,,7.0,AC Gilchrist,True,PBKS,M Chinnaswamy Stadium
598046,2013-05-05,2013,Wankhede Stadium,Mumbai,Mumbai Indians,Chennai Super Kings,Mumbai Indians,bat,Mumbai Indians,60.0,,MG Johnson,True,MI,Wankhede Stadium
598047,2013-05-05,2013,Sawai Mansingh Stadium,Jaipur,Rajasthan Royals,Pune Warriors,Pune Warriors,bat,Rajasthan Royals,,5.0,AM Rahane,False,RR,Sawai Mansingh Stadium
598048,2013-04-09,2013,M Chinnaswamy Stadium,Bangalore,Royal Challengers Bengaluru,Sunrisers Hyderabad,Sunrisers Hyderabad,bat,Royal Challengers Bengaluru,,7.0,V Kohli,False,RCB,M Chinnaswamy Stadium
598049,2013-05-07,2013,Sawai Mansingh Stadium,Jaipur,Rajasthan Royals,Delhi Capitals,Delhi Capitals,bat,Rajasthan Royals,,9.0,AM Rahane,False,RR,Sawai Mansingh Stadium
598050,2013-05-07,2013,Wankhede Stadium,Mumbai,Mumbai Indians,Kolkata Knight Riders,Mumbai Indians,bat,Mumbai Indians,65.0,,SR Tendulkar,True,MI,Wankhede Stadium
598051,2013-05-08,2013,"Rajiv Gandhi International Stadium, Uppal",Hyderabad,Sunrisers Hyderabad,Chennai Super Kings,Sunrisers Hyderabad,field,Chennai Super Kings,77.0,,SK Raina,False,CSK,Rajiv Gandhi International Stadium
598052,2013-05-09,2013,"Punjab Cricket Association Stadium, Mohali",Chandigarh,Punjab Kings,Rajasthan Royals,Rajasthan Royals,field,Rajasthan Royals,,8.0,KK Cooper,True,RR,Punjab Cricket Association Stadium
598053,2013-05-09,2013,Subrata Roy Sahara Stadium,Pune,Pune Warriors,Kolkata Knight Riders,Kolkata Knight Riders,bat,Kolkata Knight Riders,46.0,,G Gambhir,True,KKR,Subrata Roy Sahara Stadium
598054,2013-05-10,2013,Feroz Shah Kotla,Delhi,Delhi Capitals,Royal Challengers Bengaluru,Delhi Capitals,field,Royal Challengers Bengaluru,4.0,,JD Unadkat,False,RCB,Feroz Shah Kotla
598055,2013-05-11,2013,Subrata Roy Sahara Stadium,Pune,Pune Warriors,Mumbai Indians,Pune Warriors,bat,Mumbai Indians,,5.0,MG Johnson,False,MI,Subrata Roy Sahara Stadium
598056,2013-05-11,2013,"Punjab Cricket Association Stadium, Mohali",Chandigarh,Punjab Kings,Sunrisers Hyderabad,Punjab Kings,field,Sunrisers Hyderabad,30.0,,PA Patel,False,SRH,Punjab Cricket Association Stadium
598057,2013-05-12,2013,JSCA International Stadium Complex,Ranchi,Kolkata Knight Riders,Royal Challengers Bengaluru,Kolkata Knight Riders,field,Kolkata Knight Riders,,5.0,JH Kallis,True,KKR,JSCA International Stadium Complex
598058,2013-05-12,2013,Sawai Mansingh Stadium,Jaipur,Rajasthan Royals,Chennai Super Kings,Rajasthan Royals,field,Rajasthan Royals,,5.0,SR Watson,True,RR,Sawai Mansingh Stadium
598059,2013-04-23,2013,Feroz Shah Kotla,Delhi,Delhi Capitals,Punjab Kings,Punjab Kings,field,Punjab Kings,,5.0,Harmeet Singh,True,PBKS,Feroz Shah Kotla
598060,2013-05-13,2013,Wankhede Stadium,Mumbai,Mumbai Indians,Sunrisers Hyderabad,Sunrisers Hyderabad,bat,Mumbai Indians,,7.0,KA Pollard,False,MI,Wankhede Stadium
598061,2013-05-15,2013,JSCA International Stadium Complex,Ranchi,Kolkata Knight Riders,Pune Warriors,Kolkata Knight Riders,field,Pune Warriors,7.0,,MK Pandey,False,PW,JSCA International Stadium Complex
598062,2013-05-14,2013,"MA Chidambaram Stadium, Chepauk",Chennai,Chennai Super Kings,Delhi Capitals,Chennai Super Kings,bat,Chennai Super Kings,33.0,,MS Dhoni,True,CSK,MA Chidambaram Stadium
598063,2013-05-15,2013,Wankhede Stadium,Mumbai,Mumbai Indians,Rajasthan Royals,Rajasthan Royals,field,Mumbai Indians,14.0,,AP Tare,False,MI,Wankhede Stadium
598064,2013-05-06,2013,"Punjab Cricket Association Stadium, Mohali",Chandigarh,Punjab Kings,Royal Challengers Bengaluru,Punjab Kings,field,Punjab Kings,,6.0,DA Miller,True,PBKS,Punjab Cricket Association Stadium
598065,2013-05-17,2013,"Rajiv Gandhi International Stadium, Uppal",Hyderabad,Sunrisers Hyderabad,Rajasthan Royals,Sunrisers Hyderabad,bat,Sunrisers Hyderabad,23.0,,A Mishra,True,SRH,Rajiv Gandhi International Stadium
598066,2013-05-18,2013,Himachal Pradesh Cricket Association Stadium,Dharamsala,Punjab Kings,Mumbai Indians,Mumbai Indians,field,Punjab Kings,50.0,,Azhar Mahmood,False,PBKS,Himachal Pradesh Cricket Association Stadium
598067,2013-05-19,2013,Subrata Roy Sahara Stadium,Pune,Pune Warriors,Delhi Capitals,Pune Warriors,bat,Pune Warriors,38.0,,LJ Wright,True,PW,Subrata Roy Sahara Stadium
598068,2013-05-18,2013,M Chinnaswamy Stadium,Bangalore,Royal Challengers Bengaluru,Chennai Super Kings,Chennai Super Kings,field,Royal Challengers Bengaluru,24.0,,V Kohli,False,RCB,M Chinnaswamy Stadium
598069,2013-05-19,2013,"Rajiv Gandhi International Stadium, Uppal",Hyderabad,Sunrisers Hyderabad,Kolkata Knight Riders,Kolkata Knight Riders,bat,Sunrisers Hyderabad,,5.0,PA Patel,False,SRH,Rajiv Gandhi International Stadium
598070,2013-05-21,2013,Feroz Shah Kotla,Delhi,Chennai Super Kings,Mumbai Indians,Chennai Super Kings,bat,Chennai Super Kings,48.0,,MEK Hussey,True,CSK,Feroz Shah Kotla
598071,2013-05-22,2013,Feroz Shah Kotla,Delhi,Rajasthan Royals,Sunrisers Hyderabad,Sunrisers Hyderabad,bat,Rajasthan Royals,,4.0,BJ Hodge,False,RR,Feroz Shah Kotla
598072,2013-05-24,2013,Eden Gardens,Kolkata,Mumbai Indians,Rajasthan Royals,Rajasthan Royals,bat,Mumbai Indians,,4.0,Harbhajan Singh,False,MI,Eden Gardens
598073,2013-05-26,2013,Eden Gardens,Kolkata,Chennai Super Kings,Mumbai Indians,Mumbai Indians,bat,Mumbai Indians,23.0,,KA Pollard,True,MI,Eden Gardens
729279,2014-04-16,2014,Sheikh Zayed Stadium,Abu Dhabi,Mumbai Indians,Kolkata Knight Riders,Kolkata Knight Riders,bat,Kolkata Knight Riders,41.0,,JH Kallis,True,KKR,Sheikh Zayed Stadium
729281,2014-04-17,2014,Sharjah Cricket Stadium,,Delhi Capitals,Royal Challengers Bengaluru,Royal Challengers Bengaluru,field,Royal Challengers Bengaluru,,8.0,YS Chahal,True,RCB,Sharjah Cricket Stadium
729283,2014-04-18,2014,Sheikh Zayed Stadium,Abu Dhabi,Chennai Super Kings,Punjab Kings,Chennai Super Kings,bat,Punjab Kings,,6.0,GJ Maxwell,False,PBKS,Sheikh Zayed Stadium
729285,2014-04-18,2014,Sheikh Zayed Stadium,Abu Dhabi,Sunrisers Hyderabad,Rajasthan Royals,Rajasthan Royals,field,Rajasthan Royals,,4.0,AM Rahane,True,RR,Sheikh Zayed Stadium
729287,2014-04-19,2014,Dubai International Cricket Stadium,,Royal Challengers Bengaluru,Mumbai Indians,Royal Challengers Bengaluru,field,Royal Challengers Bengaluru,,7.0,PA Patel,True,RCB,Dubai International Cricket Stadium
729289,2014-04-19,2014,Dubai International Cricket Stadium,,Kolkata Knight Riders,Delhi Capitals,Kolkata Knight Riders,bat,Delhi Capitals,,4.0,JP Duminy,False,DC,Dubai International Cricket Stadium
729291,2014-04-20,2014,Sharjah Cricket Stadium,,Rajasthan Royals,Punjab Kings,Punjab Kings,field,Punjab Kings,,7.0,GJ Maxwell,True,PBKS,Sharjah Cricket Stadium
729293,2014-04-21,2014,Sheikh Zayed Stadium,Abu Dhabi,Chennai Super Kings,Delhi Capitals,Chennai Super Kings,bat,Chennai Super Kings,93.0,,SK Raina,True,CSK,Sheikh Zayed Stadium
729295,2014-04-22,2014,Sharjah Cricket Stadium,,Punjab Kings,Sunrisers Hyderabad,Sunrisers Hyderabad,field,Punjab Kings,72.0,,GJ Maxwell,False,PBKS,Sharjah Cricket Stadium
729297,2014-04-23,2014,Dubai International Cricket Stadium,,Rajasthan Royals,Chennai Super Kings,Rajasthan Royals,field,Chennai Super Kings,7.0,,RA Jadeja,False,CSK,Dubai International Cricket Stadium
729299,2014-04-24,2014,Sharjah Cricket Stadium,,Royal Challengers Bengaluru,Kolkata Knight Riders,Royal Challengers Bengaluru,field,Kolkata Knight Riders,2.0,,CA Lynn,False,KKR,Sharjah Cricket Stadium
729301,2014-04-25,2014,Dubai International Cricket Stadium,,Sunrisers Hyderabad,Delhi Capitals,Sunrisers Hyderabad,bat,Sunrisers Hyderabad,4.0,,AJ Finch,True,SRH,Dubai International Cricket Stadium
729303,2014-04-25,2014,Dubai International Cricket Stadium,,Chennai Super Kings,Mumbai Indians,Mumbai Indians,bat,Chennai Super Kings,,7.0,MM Sharma,False,CSK,Dubai International Cricket Stadium
729305,2014-04-26,2014,Sheikh Zayed Stadium,Abu Dhabi,Rajasthan Royals,Royal Challengers Bengaluru,Rajasthan Royals,field,Rajasthan Royals,,6.0,PV Tambe,True,RR,Sheikh Zayed Stadium
729307,2014-04-26,2014,Sheikh Zayed Stadium,Abu Dhabi,Kolkata Knight Riders,Punjab Kings,Kolkata Knight Riders,field,Punjab Kings,23.0,,Sandeep Sharma,False,PBKS,Sheikh Zayed Stadium
729309,2014-04-27,2014,Sharjah Cricket Stadium,,Delhi Capitals,Mumbai Indians,Mumbai Indians,bat,Delhi Capitals,,6.0,M Vijay,False,DC,Sharjah Cricket Stadium
729311,2014-04-27,2014,Sharjah Cricket Stadium,,Sunrisers Hyderabad,Chennai Super Kings,Sunrisers Hyderabad,bat,Chennai Super Kings,,5.0,DR Smith,False,CSK,Sharjah Cricket Stadium
729313,2014-04-28,2014,Dubai International Cricket Stadium,,Punjab Kings,Royal Challengers Bengaluru,Punjab Kings,field,Punjab Kings,,5.0,Sandeep Sharma,True,PBKS,Dubai International Cricket Stadium
729317,2014-04-30,2014,Dubai International Cricket Stadium,,Mumbai Indians,Sunrisers Hyderabad,Mumbai Indians,field,Sunrisers Hyderabad,15.0,,B Kumar,False,SRH,Dubai International Cricket Stadium
733971,2014-05-02,2014,JSCA International Stadium Complex,Ranchi,Chennai Super Kings,Kolkata Knight Riders,Chennai Super Kings,bat,Chennai Super Kings,34.0,,RA Jadeja,True,CSK,JSCA International Stadium Complex
733973,2014-05-03,2014,Wankhede Stadium,Mumbai,Mumbai Indians,Punjab Kings,Punjab Kings,bat,Mumbai Indians,,5.0,CJ Anderson,False,MI,Wankhede Stadium
733975,2014-05-03,2014,Feroz Shah Kotla,Delhi,Delhi Capitals,Rajasthan Royals,Rajasthan Royals,field,Rajasthan Royals,,7.0,KK Nair,True,RR,Feroz Shah Kotla
733977,2014-05-04,2014,M Chinnaswamy Stadium,Bangalore,Royal Challengers Bengaluru,Sunrisers Hyderabad,Royal Challengers Bengaluru,field,Royal Challengers Bengaluru,,4.0,AB de Villiers,True,RCB,M Chinnaswamy Stadium
733979,2014-05-05,2014,"Sardar Patel Stadium, Motera",Ahmedabad,Rajasthan Royals,Kolkata Knight Riders,Kolkata Knight Riders,field,Rajasthan Royals,10.0,,PV Tambe,False,RR,Sardar Patel Stadium
733981,2014-05-05,2014,Feroz Shah Kotla,Delhi,Delhi Capitals,Chennai Super Kings,Chennai Super Kings,field,Chennai Super Kings,,8.0,DR Smith,True,CSK,Feroz Shah Kotla
733983,2014-05-06,2014,Wankhede Stadium,Mumbai,Mumbai Indians,Royal Challengers Bengaluru,Royal Challengers Bengaluru,field,Mumbai Indians,19.0,,RG Sharma,False,MI,Wankhede Stadium
733985,2014-05-07,2014,Feroz Shah Kotla,Delhi,Delhi Capitals,Kolkata Knight Riders,Delhi Capitals,bat,Kolkata Knight Riders,,8.0,G Gambhir,False,KKR,Feroz Shah Kotla
733987,2014-05-07,2014,Barabati Stadium,Cuttack,Punjab Kings,Chennai Super Kings,Chennai Super Kings,field,Punjab Kings,44.0,,GJ Maxwell,False,PBKS,Barabati Stadium
733989,2014-05-08,2014,"Sardar Patel Stadium, Motera",Ahmedabad,Rajasthan Royals,Sunrisers Hyderabad,Rajasthan Royals,field,Sunrisers Hyderabad,32.0,,B Kumar,False,SRH,Sardar Patel Stadium
733991,2014-05-09,2014,M Chinnaswamy Stadium,Bangalore,Royal Challengers Bengaluru,Punjab Kings,Royal Challengers Bengaluru,field,Punjab Kings,32.0,,Sandeep Sharma,False,PBKS,M Chinnaswamy Stadium
733993,2014-05-10,2014,Feroz Shah Kotla,Delhi,Delhi Capitals,Sunrisers Hyderabad,Sunrisers Hyderabad,field,Sunrisers Hyderabad,,8.0,DW Steyn,True,SRH,Feroz Shah Kotla
733995,2014-05-10,2014,Wankhede Stadium,Mumbai,Mumbai Indians,Chennai Super Kings,Chennai Super Kings,field,Chennai Super Kings,,4.0,DR Smith,True,CSK,Wankhede Stadium
733997,2014-05-11,2014,Barabati Stadium,Cuttack,Punjab Kings,Kolkata Knight Riders,Kolkata Knight Riders,field,Kolkata Knight Riders,,9.0,G Gambhir,True,KKR,Barabati Stadium
733999,2014-05-11,2014,M Chinnaswamy Stadium,Bangalore,Royal Challengers Bengaluru,Rajasthan Royals,Royal Challengers Bengaluru,bat,Rajasthan Royals,,5.0,JP Faulkner,False,RR,M Chinnaswamy Stadium
734001,2014-05-12,2014,"Rajiv Gandhi International Stadium, Uppal",Hyderabad,Sunrisers Hyderabad,Mumbai Indians,Sunrisers Hyderabad,bat,Mumbai Indians,,7.0,AT Rayudu,False,MI,Rajiv Gandhi International Stadium
734003,2014-05-13,2014,JSCA International Stadium Complex,Ranchi,Chennai Super Kings,Rajasthan Royals,Rajasthan Royals,bat,Chennai Super Kings,,5.0,RA Jadeja,False,CSK,JSCA International Stadium Complex
734005,2014-05-13,2014,M Chinnaswamy Stadium,Bangalore,Royal Challengers Bengaluru,Delhi Capitals,Delhi Capitals,field,Royal Challengers Bengaluru,16.0,,Yuvraj Singh,False,RCB,M Chinnaswamy Stadium
734007,2014-05-14,2014,"Rajiv Gandhi International Stadium, Uppal",Hyderabad,Sunrisers Hyderabad,Punjab Kings,Punjab Kings,field,Punjab Kings,,6.0,WP Saha,True,PBKS,Rajiv Gandhi International Stadium
734009,2014-05-14,2014,Barabati Stadium,Cuttack,Kolkata Knight Riders,Mumbai Indians,Kolkata Knight Riders,field,Kolkata Knight Riders,,6.0,RV Uthappa,True,KKR,Barabati Stadium
734011,2014-05-15,2014,"Sardar Patel Stadium, Motera",Ahmedabad,Rajasthan Royals,Delhi Capitals,Delhi Capitals,field,Rajasthan Royals,62.0,,AM Rahane,False,RR,Sardar Patel Stadium
734013,2014-05-18,2014,JSCA International Stadium Complex,Ranchi,Chennai Super Kings,Royal Challengers Bengaluru,Chennai Super Kings,bat,Royal Challengers Bengaluru,,5.0,AB de Villiers,False,RCB,JSCA International Stadium Complex
734015,2014-05-18,2014,"Rajiv Gandhi International Stadium, Uppal",Hyderabad,Sunrisers Hyderabad,Kolkata Knight Riders,Sunrisers Hyderabad,bat,Kolkata Knight Riders,,7.0,UT Yadav,False,KKR,Rajiv Gandhi International Stadium
734017,2014-05-19,2014,"Sardar Patel Stadium, Motera",Ahmedabad,Rajasthan Royals,Mumbai Indians,Mumbai Indians,bat,Mumbai Indians,25.0,,MEK Hussey,True,MI,Sardar Patel Stadium
734019,2014-05-19,2014,Feroz Shah Kotla,Delhi,Delhi Capitals,Punjab Kings,Punjab Kings,field,Punjab Kings,,4.0,AR Patel,True,PBKS,Feroz Shah Kotla
734021,2014-05-20,2014,"Rajiv Gandhi International Stadium, Uppal",Hyderabad,Sunrisers Hyderabad,Royal Challengers Bengaluru,Royal Challengers Bengaluru,bat,Sunrisers Hyderabad,,7.0,DA Warner,False,SRH,Rajiv Gandhi International Stadium
734023,2014-05-20,2014,Eden Gardens,Kolkata,Kolkata Knight Riders,Chennai Super Kings,Kolkata Knight Riders,field,Kolkata Knight Riders,,8.0,RV Uthappa,True,KKR,Eden Gardens
734025,2014-05-21,2014,"Punjab Cricket Association Stadium, Mohali",Chandigarh,Punjab Kings,Mumbai Indians,Mumbai Indians,field,Mumbai Indians,,7.0,LMP Simmons,True,MI,Punjab Cricket Association Stadium
734027,2014-05-22,2014,Eden Gardens,Kolkata,Kolkata Knight Riders,Royal Challengers Bengaluru,Royal Challengers Bengaluru,field,Kolkata Knight Riders,30.0,,RV Uthappa,False,KKR,Eden Gardens
734029,2014-05-22,2014,JSCA International Stadium Complex,Ranchi,Chennai Super Kings,Sunrisers Hyderabad,Sunrisers Hyderabad,field,Sunrisers Hyderabad,,6.0,DA Warner,True,SRH,JSCA International Stadium Complex
734031,2014-05-23,2014,Wankhede Stadium,Mumbai,Mumbai Indians,Delhi Capitals,Delhi Capitals,field,Mumbai Indians,15.0,,MEK Hussey,False,MI,Wankhede Stadium
734033,2014-05-23,2014,"Punjab Cricket Association Stadium, Mohali",Chandigarh,Punjab Kings,Rajasthan Royals,Rajasthan Royals,field,Punjab Kings,16.0,,SE Marsh,False,PBKS,Punjab Cricket Association Stadium
734035,2014-05-24,2014,M Chinnaswamy Stadium,Bangalore,Royal Challengers Bengaluru,Chennai Super Kings,Chennai Super Kings,field,Chennai Super Kings,,8.0,MS Dhoni,True,CSK,M Chinnaswamy Stadium
734037,2014-05-24,2014,Eden Gardens,Kolkata,Kolkata Knight Riders,Sunrisers Hyderabad,Kolkata Knight Riders,field,Kolkata Knight Riders,,4.0,YK Pathan,True,KKR,Eden Gardens
734039,2014-05-25,2014,"Punjab Cricket Association Stadium, Mohali",Chandigarh,Punjab Kings,Delhi Capitals,Punjab Kings,field,Punjab Kings,,7.0,M Vohra,True,PBKS,Punjab Cricket Association Stadium
734041,2014-05-25,2014,Wankhede Stadium,Mumbai,Mumbai Indians,Rajasthan Royals,Mumbai Indians,field,Mumbai Indians,,5.0,CJ Anderson,True,MI,Wankhede Stadium
734043,2014-05-27,2014,Eden Gardens,Kolkata,Punjab Kings,Kolkata Knight Riders,Punjab Kings,field,Kolkata Knight Riders,28.0,,UT Yadav,False,KKR,Eden Gardens
734045,2014-05-28,2014,Brabourne Stadium,Mumbai,Chennai Super Kings,Mumbai Indians,Chennai Super Kings,field,Chennai Super Kings,,7.0,SK Raina,True,CSK,Brabourne Stadium
734047,2014-05-30,2014,Wankhede Stadium,Mumbai,Chennai Super Kings,Punjab Kings,Chennai Super Kings,field,Punjab Kings,24.0,,V Sehwag,False,PBKS,Wankhede Stadium
734049,2014-06-01,2014,M Chinnaswamy Stadium,Bangalore,Kolkata Knight Riders,Punjab Kings,Kolkata Knight Riders,field,Kolkata Knight Riders,,3.0,MK Pandey,True,KKR,M Chinnaswamy Stadium
829705,2015-04-08,2015,Eden Gardens,Kolkata,Kolkata Knight Riders,Mumbai Indians,Kolkata Knight Riders,field,Kolkata Knight Riders,,7.0,M Morkel,True,KKR,Eden Gardens
829707,2015-04-09,2015,"MA Chidambaram Stadium, Chepauk",Chennai,Chennai Super Kings,Delhi Capitals,Delhi Capitals,field,Chennai Super Kings,1.0,,A Nehra,False,CSK,MA Chidambaram Stadium
829709,2015-04-10,2015,Maharashtra Cricket Association Stadium,Pune,Punjab Kings,Rajasthan Royals,Punjab Kings,field,Rajasthan Royals,26.0,,JP Faulkner,False,RR,Maharashtra Cricket Association Stadium
829711,2015-04-11,2015,"MA Chidambaram Stadium, Chepauk",Chennai,Chennai Super Kings,Sunrisers Hyderabad,Chennai Super Kings,bat,Chennai Super Kings,45.0,,BB McCullum,True,CSK,MA Chidambaram Stadium
829713,2015-04-11,2015,Eden Gardens,Kolkata,Kolkata Knight Riders,Royal Challengers Bengaluru,Royal Challengers Bengaluru,field,Royal Challengers Bengaluru,,3.0,CH Gayle,True,RCB,Eden Gardens
829715,2015-04-12,2015,Feroz Shah Kotla,Delhi,Delhi Capitals,Rajasthan Royals,Rajasthan Royals,field,Rajasthan Royals,,3.0,DJ Hooda,True,RR,Feroz Shah Kotla
829717,2015-04-12,2015,Wankhede Stadium,Mumbai,Mumbai Indians,Punjab Kings,Mumbai Indians,field,Punjab Kings,18.0,,GJ Bailey,False,PBKS,Wankhede Stadium
829719,2015-04-13,2015,M Chinnaswamy Stadium,Bangalore,Royal Challengers Bengaluru,Sunrisers Hyderabad,Sunrisers Hyderabad,field,Sunrisers Hyderabad,,8.0,DA Warner,True,SRH,M Chinnaswamy Stadium
829721,2015-04-14,2015,"Sardar Patel Stadium, Motera",Ahmedabad,Rajasthan Royals,Mumbai Indians,Mumbai Indians,bat,Rajasthan Royals,,7.0,SPD Smith,False,RR,Sardar Patel Stadium
829723,2015-04-30,2015,Eden Gardens,Kolkata,Kolkata Knight Riders,Chennai Super Kings,Kolkata Knight Riders,field,Kolkata Knight Riders,,7.0,AD Russell,True,KKR,Eden Gardens
829725,2015-04-15,2015,Maharashtra Cricket Association Stadium,Pune,Punjab Kings,Delhi Capitals,Punjab Kings,bat,Delhi Capitals,,5.0,MA Agarwal,False,DC,Maharashtra Cricket Association Stadium
829727,2015-04-16,2015,Dr. Y.S. Rajasekhara Reddy ACA-VDCA Cricket Stadium,Visakhapatnam,Sunrisers Hyderabad,Rajasthan Royals,Rajasthan Royals,field,Rajasthan Royals,,6.0,AM Rahane,True,RR,Dr. Y.S. Rajasekhara Reddy ACA-VDCA Cricket Stadium
829729,2015-04-17,2015,Wankhede Stadium,Mumbai,Mumbai Indians,Chennai Super Kings,Mumbai Indians,bat,Chennai Super Kings,,6.0,A Nehra,False,CSK,Wankhede Stadium
829731,2015-04-18,2015,Dr. Y.S. Rajasekhara Reddy ACA-VDCA Cricket Stadium,Visakhapatnam,Sunrisers Hyderabad,Delhi Capitals,Delhi Capitals,bat,Delhi Capitals,4.0,,JP Duminy,True,DC,Dr. Y.S. Rajasekhara Reddy ACA-VDCA Cricket Stadium
829733,2015-04-18,2015,Maharashtra Cricket Association Stadium,Pune,Punjab Kings,Kolkata Knight Riders,Kolkata Knight Riders,field,Kolkata Knight Riders,,4.0,AD Russell,True,KKR,Maharashtra Cricket Association Stadium
829735,2015-04-19,2015,"Sardar Patel Stadium, Motera",Ahmedabad,Rajasthan Royals,Chennai Super Kings,Chennai Super Kings,bat,Rajasthan Royals,,8.0,AM Rahane,False,RR,Sardar Patel Stadium
829737,2015-04-19,2015,M Chinnaswamy Stadium,Bangalore,Royal Challengers Bengaluru,Mumbai Indians,Royal Challengers Bengaluru,field,Mumbai Indians,18.0,,Harbhajan Singh,False,MI,M Chinnaswamy Stadium
829739,2015-04-20,2015,Feroz Shah Kotla,Delhi,Delhi Capitals,Kolkata Knight Riders,Kolkata Knight Riders,field,Kolkata Knight Riders,,6.0,UT Yadav,True,KKR,Feroz Shah Kotla
829743,2015-04-22,2015,Dr. Y.S. Rajasekhara Reddy ACA-VDCA Cricket Stadium,Visakhapatnam,Sunrisers Hyderabad,Kolkata Knight Riders,Kolkata Knight Riders,field,Sunrisers Hyderabad,16.0,,DA Warner,False,SRH,Dr. Y.S. Rajasekhara Reddy ACA-VDCA Cricket Stadium
829745,2015-04-22,2015,M Chinnaswamy Stadium,Bangalore,Royal Challengers Bengaluru,Chennai Super Kings,Royal Challengers Bengaluru,field,Chennai Super Kings,27.0,,SK Raina,False,CSK,M Chinnaswamy Stadium
829747,2015-04-23,2015,Feroz Shah Kotla,Delhi,Delhi Capitals,Mumbai Indians,Mumbai Indians,field,Delhi Capitals,37.0,,SS Iyer,False,DC,Feroz Shah Kotla
829749,2015-04-24,2015,"Sardar Patel Stadium, Motera",Ahmedabad,Rajasthan Royals,Royal Challengers Bengaluru,Royal Challengers Bengaluru,field,Royal Challengers Bengaluru,,9.0,MA Starc,True,RCB,Sardar Patel Stadium
829751,2015-04-25,2015,Wankhede Stadium,Mumbai,Mumbai Indians,Sunrisers Hyderabad,Mumbai Indians,bat,Mumbai Indians,20.0,,SL Malinga,True,MI,Wankhede Stadium
829753,2015-04-25,2015,"MA Chidambaram Stadium, Chepauk",Chennai,Chennai Super Kings,Punjab Kings,Chennai Super Kings,bat,Chennai Super Kings,97.0,,BB McCullum,True,CSK,MA Chidambaram Stadium
829757,2015-04-26,2015,Feroz Shah Kotla,Delhi,Delhi Capitals,Royal Challengers Bengaluru,Royal Challengers Bengaluru,field,Royal Challengers Bengaluru,,10.0,VR Aaron,True,RCB,Feroz Shah Kotla
829759,2015-04-27,2015,"Punjab Cricket Association Stadium, Mohali",Chandigarh,Punjab Kings,Sunrisers Hyderabad,Punjab Kings,field,Sunrisers Hyderabad,20.0,,TA Boult,False,SRH,Punjab Cricket Association Stadium
829761,2015-05-07,2015,Eden Gardens,Kolkata,Kolkata Knight Riders,Delhi Capitals,Kolkata Knight Riders,bat,Kolkata Knight Riders,13.0,,PP Chawla,True,KKR,Eden Gardens
829765,2015-04-28,2015,"MA Chidambaram Stadium, Chepauk",Chennai,Chennai Super Kings,Kolkata Knight Riders,Kolkata Knight Riders,field,Chennai Super Kings,2.0,,DJ Bravo,False,CSK,MA Chidambaram Stadium
829767,2015-05-01,2015,Feroz Shah Kotla,Delhi,Delhi Capitals,Punjab Kings,Delhi Capitals,field,Delhi Capitals,,9.0,NM Coulter-Nile,True,DC,Feroz Shah Kotla
829769,2015-05-01,2015,Wankhede Stadium,Mumbai,Mumbai Indians,Rajasthan Royals,Rajasthan Royals,field,Mumbai Indians,8.0,,AT Rayudu,False,MI,Wankhede Stadium
829771,2015-05-02,2015,M Chinnaswamy Stadium,Bangalore,Royal Challengers Bengaluru,Kolkata Knight Riders,Royal Challengers Bengaluru,field,Royal Challengers Bengaluru,,7.0,Mandeep Singh,True,RCB,M Chinnaswamy Stadium
829773,2015-05-02,2015,"Rajiv Gandhi International Stadium, Uppal",Hyderabad,Sunrisers Hyderabad,Chennai Super Kings,Chennai Super Kings,field,Sunrisers Hyderabad,22.0,,DA Warner,False,SRH,Rajiv Gandhi International Stadium
829775,2015-05-03,2015,"Punjab Cricket Association Stadium, Mohali",Chandigarh,Punjab Kings,Mumbai Indians,Mumbai Indians,bat,Mumbai Indians,23.0,,LMP Simmons,True,MI,Punjab Cricket Association Stadium
829777,2015-05-03,2015,Brabourne Stadium,Mumbai,Rajasthan Royals,Delhi Capitals,Delhi Capitals,field,Rajasthan Royals,14.0,,AM Rahane,False,RR,Brabourne Stadium
829779,2015-05-04,2015,"MA Chidambaram Stadium, Chepauk",Chennai,Chennai Super Kings,Royal Challengers Bengaluru,Chennai Super Kings,bat,Chennai Super Kings,24.0,,SK Raina,True,CSK,MA Chidambaram Stadium
829781,2015-05-04,2015,Eden Gardens,Kolkata,Kolkata Knight Riders,Sunrisers Hyderabad,Sunrisers Hyderabad,field,Kolkata Knight Riders,35.0,,UT Yadav,False,KKR,Eden Gardens
829783,2015-05-05,2015,Wankhede Stadium,Mumbai,Mumbai Indians,Delhi Capitals,Delhi Capitals,bat,Mumbai Indians,,5.0,Harbhajan Singh,False,MI,Wankhede Stadium
829785,2015-05-06,2015,M Chinnaswamy Stadium,Bangalore,Royal Challengers Bengaluru,Punjab Kings,Punjab Kings,field,Royal Challengers Bengaluru,138.0,,CH Gayle,False,RCB,M Chinnaswamy Stadium
829787,2015-05-07,2015,Brabourne Stadium,Mumbai,Rajasthan Royals,Sunrisers Hyderabad,Rajasthan Royals,field,Sunrisers Hyderabad,7.0,,EJG Morgan,False,SRH,Brabourne Stadium
829789,2015-05-08,2015,"MA Chidambaram Stadium, Chepauk",Chennai,Chennai Super Kings,Mumbai Indians,Chennai Super Kings,bat,Mumbai Indians,,6.0,HH Pandya,False,MI,MA Chidambaram Stadium
829791,2015-05-09,2015,Eden Gardens,Kolkata,Kolkata Knight Riders,Punjab Kings,Punjab Kings,bat,Kolkata Knight Riders,,1.0,AD Russell,False,KKR,Eden Gardens
829793,2015-05-09,2015,Shaheed Veer Narayan Singh International Stadium,Raipur,Delhi Capitals,Sunrisers Hyderabad,Sunrisers Hyderabad,bat,Sunrisers Hyderabad,6.0,,MC Henriques,True,SRH,Shaheed Veer Narayan Singh International Stadium
829795,2015-05-10,2015,Wankhede Stadium,Mumbai,Mumbai Indians,Royal Challengers Bengaluru,Royal Challengers Bengaluru,bat,Royal Challengers Bengaluru,39.0,,AB de Villiers,True,RCB,Wankhede Stadium
829797,2015-05-10,2015,"MA Chidambaram Stadium, Chepauk",Chennai,Chennai Super Kings,Rajasthan Royals,Chennai Super Kings,bat,Chennai Super Kings,12.0,,RA Jadeja,True,CSK,MA Chidambaram Stadium
829799,2015-05-11,2015,"Rajiv Gandhi International Stadium, Uppal",Hyderabad,Sunrisers Hyderabad,Punjab Kings,Sunrisers Hyderabad,bat,Sunrisers Hyderabad,5.0,,DA Warner,True,SRH,Rajiv Gandhi International Stadium
829801,2015-05-12,2015,Shaheed Veer Narayan Singh International Stadium,Raipur,Delhi Capitals,Chennai Super Kings,Chennai Super Kings,bat,Delhi Capitals,,6.0,Z Khan,False,DC,Shaheed Veer Narayan Singh International Stadium
829803,2015-05-13,2015,"Punjab Cricket Association Stadium, Mohali",Chandigarh,Punjab Kings,Royal Challengers Bengaluru,Royal Challengers Bengaluru,field,Punjab Kings,22.0,,AR Patel,False,PBKS,Punjab Cricket Association Stadium
829805,2015-05-14,2015,Wankhede Stadium,Mumbai,Mumbai Indians,Kolkata Knight Riders,Kolkata Knight Riders,field,Mumbai Indians,5.0,,HH Pandya,False,MI,Wankhede Stadium
829807,2015-05-15,2015,"Rajiv Gandhi International Stadium, Uppal",Hyderabad,Sunrisers Hyderabad,Royal Challengers Bengaluru,Sunrisers Hyderabad,bat,Royal Challengers Bengaluru,,6.0,V Kohli,False,RCB,Rajiv Gandhi International Stadium
829809,2015-05-16,2015,"Punjab Cricket Association Stadium, Mohali",Chandigarh,Punjab Kings,Chennai Super Kings,Punjab Kings,bat,Chennai Super Kings,,7.0,P Negi,False,CSK,Punjab Cricket Association Stadium
829811,2015-05-16,2015,Brabourne Stadium,Mumbai,Rajasthan Royals,Kolkata Knight Riders,Rajasthan Royals,bat,Rajasthan Royals,9.0,,SR Watson,True,RR,Brabourne Stadium
829815,2015-05-17,2015,"Rajiv Gandhi International Stadium, Uppal",Hyderabad,Sunrisers Hyderabad,Mumbai Indians,Sunrisers Hyderabad,bat,Mumbai Indians,,9.0,MJ McClenaghan,False,MI,Rajiv Gandhi International Stadium
829817,2015-05-19,2015,Wankhede Stadium,Mumbai,Chennai Super Kings,Mumbai Indians,Mumbai Indians,bat,Mumbai Indians,25.0,,KA Pollard,True,MI,Wankhede Stadium
829819,2015-05-20,2015,Maharashtra Cricket Association Stadium,Pune,Royal Challengers Bengaluru,Rajasthan Royals,Royal Challengers Bengaluru,bat,Royal Challengers Bengaluru,71.0,,AB de Villiers,True,RCB,Maharashtra Cricket Association Stadium
829821,2015-05-22,2015,JSCA International Stadium Complex,Ranchi,Chennai Super Kings,Royal Challengers Bengaluru,Chennai Super Kings,field,Chennai Super Kings,,3.0,A Nehra,True,CSK,JSCA International Stadium Complex
829823,2015-05-24,2015,Eden Gardens,Kolkata,Mumbai Indians,Chennai Super Kings,Chennai Super Kings,field,Mumbai Indians,41.0,,RG Sharma,False,MI,Eden Gardens
980901,2016-04-09,2016,Wankhede Stadium,Mumbai,Mumbai Indians,Rising Pune Supergiants,Mumbai Indians,bat,Rising Pune Supergiants,,9.0,AM Rahane,False,RPS,Wankhede Stadium
980903,2016-04-10,2016,Eden Gardens,Kolkata,Kolkata Knight Riders,Delhi Capitals,Kolkata Knight Riders,field,Kolkata Knight Riders,,9.0,AD Russell,True,KKR,Eden Gardens
980905,2016-04-11,2016,"Punjab Cricket Association IS Bindra Stadium, Mohali",Chandigarh,Punjab Kings,Gujarat Lions,Gujarat Lions,field,Gujarat Lions,,5.0,AJ Finch,True,GL,Punjab Cricket Association IS Bindra Stadium
980907,2016-04-12,2016,M Chinnaswamy Stadium,Bangalore,Royal Challengers Bengaluru,Sunrisers Hyderabad,Sunrisers Hyderabad,field,Royal Challengers Bengaluru,45.0,,AB de Villiers,False,RCB,M Chinnaswamy Stadium
980909,2016-04-13,2016,Eden Gardens,Kolkata,Kolkata Knight Riders,Mumbai Indians,Mumbai Indians,field,Mumbai Indians,,6.0,RG Sharma,True,MI,Eden Gardens
980911,2016-04-14,2016,Saurashtra Cricket Association Stadium,Rajkot,Gujarat Lions,Rising Pune Supergiants,Rising Pune Supergiants,bat,Gujarat Lions,,7.0,AJ Finch,False,GL,Saurashtra Cricket Association Stadium
980913,2016-04-15,2016,Feroz Shah Kotla,Delhi,Delhi Capitals,Punjab Kings,Delhi Capitals,field,Delhi Capitals,,8.0,A Mishra,True,DC,Feroz Shah Kotla
980915,2016-04-16,2016,"Rajiv Gandhi International Stadium, Uppal",Hyderabad,Sunrisers Hyderabad,Kolkata Knight Riders,Sunrisers Hyderabad,bat,Kolkata Knight Riders,,8.0,G Gambhir,False,KKR,Rajiv Gandhi International Stadium
980917,2016-04-16,2016,Wankhede Stadium,Mumbai,Mumbai Indians,Gujarat Lions,Gujarat Lions,field,Gujarat Lions,,3.0,AJ Finch,True,GL,Wankhede Stadium
980919,2016-04-17,2016,"Punjab Cricket Association IS Bindra Stadium, Mohali",Chandigarh,Punjab Kings,Rising Pune Supergiants,Rising Pune Supergiants,bat,Punjab Kings,,6.0,M Vohra,False,PBKS,Punjab Cricket Association IS Bindra Stadium
980921,2016-04-17,2016,M Chinnaswamy Stadium,Bangalore,Royal Challengers Bengaluru,Delhi Capitals,Delhi Capitals,field,Delhi Capitals,,7.0,Q de Kock,True,DC,M Chinnaswamy Stadium
980923,2016-04-18,2016,"Rajiv Gandhi International Stadium, Uppal",Hyderabad,Sunrisers Hyderabad,Mumbai Indians,Sunrisers Hyderabad,field,Sunrisers Hyderabad,,7.0,DA Warner,True,SRH,Rajiv Gandhi International Stadium
980925,2016-04-19,2016,"Punjab Cricket Association IS Bindra Stadium, Mohali",Chandigarh,Punjab Kings,Kolkata Knight Riders,Kolkata Knight Riders,field,Kolkata Knight Riders,,6.0,RV Uthappa,True,KKR,Punjab Cricket Association IS Bindra Stadium
980927,2016-04-20,2016,Wankhede Stadium,Mumbai,Mumbai Indians,Royal Challengers Bengaluru,Mumbai Indians,field,Mumbai Indians,,6.0,RG Sharma,True,MI,Wankhede Stadium
980929,2016-04-21,2016,Saurashtra Cricket Association Stadium,Rajkot,Gujarat Lions,Sunrisers Hyderabad,Sunrisers Hyderabad,field,Sunrisers Hyderabad,,10.0,B Kumar,True,SRH,Saurashtra Cricket Association Stadium
980931,2016-04-22,2016,Maharashtra Cricket Association Stadium,Pune,Rising Pune Supergiants,Royal Challengers Bengaluru,Rising Pune Supergiants,field,Royal Challengers Bengaluru,13.0,,AB de Villiers,False,RCB,Maharashtra Cricket Association Stadium
980933,2016-04-23,2016,Feroz Shah Kotla,Delhi,Delhi Capitals,Mumbai Indians,Mumbai Indians,field,Delhi Capitals,10.0,,SV Samson,False,DC,Feroz Shah Kotla
980935,2016-04-23,2016,"Rajiv Gandhi International Stadium, Uppal",Hyderabad,Sunrisers Hyderabad,Punjab Kings,Sunrisers Hyderabad,field,Sunrisers Hyderabad,,5.0,Mustafizur Rahman,True,SRH,Rajiv Gandhi International Stadium
980937,2016-04-24,2016,Saurashtra Cricket Association Stadium,Rajkot,Gujarat Lions,Royal Challengers Bengaluru,Royal Challengers Bengaluru,bat,Gujarat Lions,,6.0,V Kohli,False,GL,Saurashtra Cricket Association Stadium
980939,2016-04-24,2016,Maharashtra Cricket Association Stadium,Pune,Rising Pune Supergiants,Kolkata Knight Riders,Kolkata Knight Riders,field,Kolkata Knight Riders,,2.0,SA Yadav,True,KKR,Maharashtra Cricket Association Stadium
980941,2016-04-25,2016,"Punjab Cricket Association IS Bindra Stadium, Mohali",Chandigarh,Punjab Kings,Mumbai Indians,Punjab Kings,field,Mumbai Indians,25.0,,PA Patel,False,MI,Punjab Cricket Association IS Bindra Stadium
980943,2016-04-26,2016,"Rajiv Gandhi International Stadium, Uppal",Hyderabad,Sunrisers Hyderabad,Rising Pune Supergiants,Rising Pune Supergiants,field,Rising Pune Supergiants,34.0,,AB Dinda,True,RPS,Rajiv Gandhi International Stadium
980945,2016-04-27,2016,Feroz Shah Kotla,Delhi,Delhi Capitals,Gujarat Lions,Delhi Capitals,field,Gujarat Lions,1.0,,CH Morris,False,GL,Feroz Shah Kotla
980947,2016-04-28,2016,Wankhede Stadium,Mumbai,Mumbai Indians,Kolkata Knight Riders,Mumbai Indians,field,Mumbai Indians,,6.0,RG Sharma,True,MI,Wankhede Stadium
980949,2016-04-29,2016,Maharashtra Cricket Association Stadium,Pune,Rising Pune Supergiants,Gujarat Lions,Gujarat Lions,field,Gujarat Lions,,3.0,DR Smith,True,GL,Maharashtra Cricket Association Stadium
980951,2016-04-30,2016,Feroz Shah Kotla,Delhi,Delhi Capitals,Kolkata Knight Riders,Kolkata Knight Riders,field,Delhi Capitals,27.0,,CR Brathwaite,False,DC,Feroz Shah Kotla
980953,2016-04-30,2016,"Rajiv Gandhi International Stadium, Uppal",Hyderabad,Sunrisers Hyderabad,Royal Challengers Bengaluru,Royal Challengers Bengaluru,field,Sunrisers Hyderabad,15.0,,DA Warner,False,SRH,Rajiv Gandhi International Stadium
980955,2016-05-01,2016,Saurashtra Cricket Association Stadium,Rajkot,Gujarat Lions,Punjab Kings,Gujarat Lions,field,Punjab Kings,23.0,,AR Patel,False,PBKS,Saurashtra Cricket Association Stadium
980957,2016-05-01,2016,Maharashtra Cricket Association Stadium,Pune,Rising Pune Supergiants,Mumbai Indians,Mumbai Indians,field,Mumbai Indians,,8.0,RG Sharma,True,MI,Maharashtra Cricket Association Stadium
980959,2016-05-02,2016,M Chinnaswamy Stadium,Bangalore,Royal Challengers Bengaluru,Kolkata Knight Riders,Kolkata Knight Riders,field,Kolkata Knight Riders,,5.0,AD Russell,True,KKR,M Chinnaswamy Stadium
980961,2016-05-03,2016,Saurashtra Cricket Association Stadium,Rajkot,Gujarat Lions,Delhi Capitals,Delhi Capitals,field,Delhi Capitals,,8.0,RR Pant,True,DC,Saurashtra Cricket Association Stadium
980963,2016-05-04,2016,Eden Gardens,Kolkata,Kolkata Knight Riders,Punjab Kings,Punjab Kings,field,Kolkata Knight Riders,7.0,,AD Russell,False,KKR,Eden Gardens
980965,2016-05-05,2016,Feroz Shah Kotla,Delhi,Delhi Capitals,Rising Pune Supergiants,Rising Pune Supergiants,field,Rising Pune Supergiants,,7.0,AM Rahane,True,RPS,Feroz Shah Kotla
980967,2016-05-06,2016,"Rajiv Gandhi International Stadium, Uppal",Hyderabad,Sunrisers Hyderabad,Gujarat Lions,Sunrisers Hyderabad,field,Sunrisers Hyderabad,,5.0,B Kumar,True,SRH,Rajiv Gandhi International Stadium
980969,2016-05-07,2016,M Chinnaswamy Stadium,Bangalore,Royal Challengers Bengaluru,Rising Pune Supergiants,Royal Challengers Bengaluru,field,Royal Challengers Bengaluru,,7.0,V Kohli,True,RCB,M Chinnaswamy Stadium
980971,2016-05-07,2016,"Punjab Cricket Association IS Bindra Stadium, Mohali",Chandigarh,Punjab Kings,Delhi Capitals,Delhi Capitals,field,Punjab Kings,9.0,,MP Stoinis,False,PBKS,Punjab Cricket Association IS Bindra Stadium
980973,2016-05-08,2016,Dr. Y.S. Rajasekhara Reddy ACA-VDCA Cricket Stadium,Visakhapatnam,Mumbai Indians,Sunrisers Hyderabad,Mumbai Indians,field,Sunrisers Hyderabad,85.0,,A Nehra,False,SRH,Dr. Y.S. Rajasekhara Reddy ACA-VDCA Cricket Stadium
980975,2016-05-08,2016,Eden Gardens,Kolkata,Kolkata Knight Riders,Gujarat Lions,Gujarat Lions,field,Gujarat Lions,,5.0,P Kumar,True,GL,Eden Gardens
980977,2016-05-09,2016,"Punjab Cricket Association IS Bindra Stadium, Mohali",Chandigarh,Punjab Kings,Royal Challengers Bengaluru,Punjab Kings,field,Royal Challengers Bengaluru,1.0,,SR Watson,False,RCB,Punjab Cricket Association IS Bindra Stadium
980979,2016-05-10,2016,Dr. Y.S. Rajasekhara Reddy ACA-VDCA Cricket Stadium,Visakhapatnam,Rising Pune Supergiants,Sunrisers Hyderabad,Sunrisers Hyderabad,bat,Sunrisers Hyderabad,4.0,,A Zampa,True,SRH,Dr. Y.S. Rajasekhara Reddy ACA-VDCA Cricket Stadium
980981,2016-05-11,2016,M Chinnaswamy Stadium,Bangalore,Royal Challengers Bengaluru,Mumbai Indians,Mumbai Indians,field,Mumbai Indians,,6.0,KH Pandya,True,MI,M Chinnaswamy Stadium
980983,2016-05-12,2016,"Rajiv Gandhi International Stadium, Uppal",Hyderabad,Sunrisers Hyderabad,Delhi Capitals,Delhi Capitals,field,Delhi Capitals,,7.0,CH Morris,True,DC,Rajiv Gandhi International Stadium
980985,2016-05-13,2016,Dr. Y.S. Rajasekhara Reddy ACA-VDCA Cricket Stadium,Visakhapatnam,Mumbai Indians,Punjab Kings,Mumbai Indians,bat,Punjab Kings,,7.0,MP Stoinis,False,PBKS,Dr. Y.S. Rajasekhara Reddy ACA-VDCA Cricket Stadium
980987,2016-05-14,2016,M Chinnaswamy Stadium,Bangalore,Royal Challengers Bengaluru,Gujarat Lions,Gujarat Lions,field,Royal Challengers Bengaluru,144.0,,AB de Villiers,False,RCB,M Chinnaswamy Stadium
980989,2016-05-14,2016,Eden Gardens,Kolkata,Kolkata Knight Riders,Rising Pune Supergiants,Rising Pune Supergiants,bat,Kolkata Knight Riders,,8.0,YK Pathan,False,KKR,Eden Gardens
980991,2016-05-15,2016,"Punjab Cricket Association IS Bindra Stadium, Mohali",Chandigarh,Punjab Kings,Sunrisers Hyderabad,Punjab Kings,bat,Sunrisers Hyderabad,,7.0,HM Amla,False,SRH,Punjab Cricket Association IS Bindra Stadium
980993,2016-05-15,2016,Dr. Y.S. Rajasekhara Reddy ACA-VDCA Cricket Stadium,Visakhapatnam,Mumbai Indians,Delhi Capitals,Delhi Capitals,field,Mumbai Indians,80.0,,KH Pandya,False,MI,Dr. Y.S. Rajasekhara Reddy ACA-VDCA Cricket Stadium
980995,2016-05-16,2016,Eden Gardens,Kolkata,Kolkata Knight Riders,Royal Challengers Bengaluru,Royal Challengers Bengaluru,field,Royal Challengers Bengaluru,,9.0,V Kohli,True,RCB,Eden Gardens
980997,2016-05-17,2016,Dr. Y.S. Rajasekhara Reddy ACA-VDCA Cricket Stadium,Visakhapatnam,Rising Pune Supergiants,Delhi Capitals,Rising Pune Supergiants,field,Rising Pune Supergiants,19.0,,AB Dinda,True,RPS,Dr. Y.S. Rajasekhara Reddy ACA-VDCA Cricket Stadium
980999,2016-05-18,2016,M Chinnaswamy Stadium,Bangalore,Royal Challengers Bengaluru,Punjab Kings,Punjab Kings,field,Royal Challengers Bengaluru,82.0,,V Kohli,False,RCB,M Chinnaswamy Stadium
981001,2016-05-19,2016,Green Park,Kanpur,Gujarat Lions,Kolkata Knight Riders,Gujarat Lions,field,Gujarat Lions,,6.0,DR Smith,True,GL,Green Park
981003,2016-05-20,2016,Shaheed Veer Narayan Singh International Stadium,Raipur,Delhi Capitals,Sunrisers Hyderabad,Delhi Capitals,field,Delhi Capitals,,6.0,KK Nair,True,DC,Shaheed Veer Narayan Singh International Stadium
981005,2016-05-21,2016,Dr. Y.S. Rajasekhara Reddy ACA-VDCA Cricket Stadium,Visakhapatnam,Rising Pune Supergiants,Punjab Kings,Punjab Kings,bat,Rising Pune Supergiants,,4.0,MS Dhoni,False,RPS,Dr. Y.S. Rajasekhara Reddy ACA-VDCA Cricket Stadium
981007,2016-05-21,2016,Green Park,Kanpur,Gujarat Lions,Mumbai Indians,Gujarat Lions,field,Gujarat Lions,,6.0,SK Raina,True,GL,Green Park
981009,2016-05-22,2016,Eden Gardens,Kolkata,Kolkata Knight Riders,Sunrisers Hyderabad,Sunrisers Hyderabad,field,Kolkata Knight Riders,22.0,,YK Pathan,False,KKR,Eden Gardens
981011,2016-05-22,2016,Shaheed Veer Narayan Singh International Stadium,Raipur,Delhi Capitals,Royal Challengers Bengaluru,Royal Challengers Bengaluru,field,Royal Challengers Bengaluru,,6.0,V Kohli,True,RCB,Shaheed Veer Narayan Singh International Stadium
981013,2016-05-24,2016,M Chinnaswamy Stadium,Bangalore,Gujarat Lions,Royal Challengers Bengaluru,Royal Challengers Bengaluru,field,Royal Challengers Bengaluru,,4.0,AB de Villiers,True,RCB,M Chinnaswamy Stadium
981015,2016-05-25,2016,Feroz Shah Kotla,Delhi,Sunrisers Hyderabad,Kolkata Knight Riders,Kolkata Knight Riders,field,Sunrisers Hyderabad,22.0,,MC Henriques,False,SRH,Feroz Shah Kotla
981017,2016-05-27,2016,Feroz Shah Kotla,Delhi,Gujarat Lions,Sunrisers Hyderabad,Sunrisers Hyderabad,field,Sunrisers Hyderabad,,4.0,DA Warner,True,SRH,Feroz Shah Kotla
981019,2016-05-29,2016,M Chinnaswamy Stadium,Bangalore,Royal Challengers Bengaluru,Sunrisers Hyderabad,Sunrisers Hyderabad,bat,Sunrisers Hyderabad,8.0,,BCJ Cutting,True,SRH,M Chinnaswamy Stadium
1527674,2026-03-28,2026,"M Chinnaswamy Stadium, Bengaluru",Bengaluru,Sunrisers Hyderabad,Royal Challengers Bengaluru,Royal Challengers Bengaluru,field,Royal Challengers Bengaluru,,6.0,JA Duffy,True,RCB,M Chinnaswamy Stadium
1527675,2026-03-29,2026,"Wankhede Stadium, Mumbai",Mumbai,Kolkata Knight Riders,Mumbai Indians,Mumbai Indians,field,Mumbai Indians,,6.0,SN Thakur,True,MI,Wankhede Stadium
1527676,2026-03-30,2026,"Barsapara Cricket Stadium, Guwahati",Guwahati,Chennai Super Kings,Rajasthan Royals,Rajasthan Royals,field,Rajasthan Royals,,8.0,N Burger,True,RR,Barsapara Cricket Stadium
1527677,2026-03-31,2026,"Maharaja Yadavindra Singh International Cricket Stadium, New Chandigarh",New Chandigarh,Gujarat Titans,Punjab Kings,Punjab Kings,field,Punjab Kings,,3.0,C Connolly,True,PBKS,Maharaja Yadavindra Singh International Cricket Stadium
1527678,2026-04-01,2026,"Bharat Ratna Shri Atal Bihari Vajpayee Ekana Cricket Stadium, Lucknow",Lucknow,Lucknow Super Giants,Delhi Capitals,Delhi Capitals,field,Delhi Capitals,,6.0,Sameer Rizvi,True,DC,Bharat Ratna Shri Atal Bihari Vajpayee Ekana Cricket Stadium
1527679,2026-04-02,2026,"Eden Gardens, Kolkata",Kolkata,Sunrisers Hyderabad,Kolkata Knight Riders,Kolkata Knight Riders,field,Sunrisers Hyderabad,65.0,,Nithish Kumar Reddy,False,SRH,Eden Gardens
1527680,2026-04-03,2026,"MA Chidambaram Stadium, Chepauk, Chennai",Chennai,Chennai Super Kings,Punjab Kings,Punjab Kings,field,Punjab Kings,,5.0,Priyansh Arya,True,PBKS,MA Chidambaram Stadium
1527681,2026-04-04,2026,"Arun Jaitley Stadium, Delhi",Delhi,Mumbai Indians,Delhi Capitals,Delhi Capitals,field,Delhi Capitals,,6.0,Sameer Rizvi,True,DC,Arun Jaitley Stadium
1527682,2026-04-04,2026,"Narendra Modi Stadium, Ahmedabad",Ahmedabad,Rajasthan Royals,Gujarat Titans,Rajasthan Royals,bat,Rajasthan Royals,6.0,,Ravi Bishnoi,True,RR,Narendra Modi Stadium
1527683,2026-04-05,2026,"Rajiv Gandhi International Stadium, Uppal, Hyderabad",Hyderabad,Sunrisers Hyderabad,Lucknow Super Giants,Lucknow Super Giants,field,Lucknow Super Giants,,5.0,Mohammed Shami,True,LSG,Rajiv Gandhi International Stadium
1527684,2026-04-05,2026,"M Chinnaswamy Stadium, Bengaluru",Bengaluru,Royal Challengers Bengaluru,Chennai Super Kings,Chennai Super Kings,field,Royal Challengers Bengaluru,43.0,,TH David,False,RCB,M Chinnaswamy Stadium
1527686,2026-04-07,2026,"Barsapara Cricket Stadium, Guwahati",Guwahati,Rajasthan Royals,Mumbai Indians,Mumbai Indians,field,Rajasthan Royals,27.0,,YBK Jaiswal,False,RR,Barsapara Cricket Stadium
1527687,2026-04-08,2026,"Arun Jaitley Stadium, Delhi",Delhi,Gujarat Titans,Delhi Capitals,Delhi Capitals,field,Gujarat Titans,1.0,,Rashid Khan,False,GT,Arun Jaitley Stadium
1527688,2026-04-09,2026,"Eden Gardens, Kolkata",Kolkata,Kolkata Knight Riders,Lucknow Super Giants,Lucknow Super Giants,field,Lucknow Super Giants,,3.0,MD Choudhary,True,LSG,Eden Gardens
1527689,2026-04-10,2026,"Barsapara Cricket Stadium, Guwahati",Guwahati,Royal Challengers Bengaluru,Rajasthan Royals,Rajasthan Royals,field,Rajasthan Royals,,6.0,V Suryavanshi,True,RR,Barsapara Cricket Stadium
1527690,2026-04-11,2026,"Maharaja Yadavindra Singh International Cricket Stadium, New Chandigarh",New Chandigarh,Sunrisers Hyderabad,Punjab Kings,Punjab Kings,field,Punjab Kings,,6.0,SS Iyer,True,PBKS,Maharaja Yadavindra Singh International Cricket Stadium
1527691,2026-04-11,2026,"MA Chidambaram Stadium, Chepauk, Chennai",Chennai,Chennai Super Kings,Delhi Capitals,Delhi Capitals,field,Chennai Super Kings,23.0,,SV Samson,False,CSK,MA Chidambaram Stadium
1527692,2026-04-12,2026,"Bharat Ratna Shri Atal Bihari Vajpayee Ekana Cricket Stadium, Lucknow",Lucknow,Lucknow Super Giants,Gujarat Titans,Gujarat Titans,field,Gujarat Titans,,7.0,M Prasidh Krishna,True,GT,Bharat Ratna Shri Atal Bihari Vajpayee Ekana Cricket Stadium
1527693,2026-04-12,2026,"Wankhede Stadium, Mumbai",Mumbai,Royal Challengers Bengaluru,Mumbai Indians,Mumbai Indians,field,Royal Challengers Bengaluru,18.0,,PD Salt,False,RCB,Wankhede Stadium
1529264,2026-04-13,2026,"Rajiv Gandhi International Stadium, Uppal, Hyderabad",Hyderabad,Sunrisers Hyderabad,Rajasthan Royals,Rajasthan Royals,field,Sunrisers Hyderabad,57.0,,PP Hinge,False,SRH,Rajiv Gandhi International Stadium
1529265,2026-04-14,2026,"MA Chidambaram Stadium, Chepauk, Chennai",Chennai,Chennai Super Kings,Kolkata Knight Riders,Kolkata Knight Riders,field,Chennai Super Kings,32.0,,Noor Ahmad,False,CSK,MA Chidambaram Stadium
1529266,2026-04-15,2026,"M Chinnaswamy Stadium, Bengaluru",Bengaluru,Lucknow Super Giants,Royal Challengers Bengaluru,Royal Challengers Bengaluru,field,Royal Challengers Bengaluru,,5.0,JR Hazlewood,True,RCB,M Chinnaswamy Stadium
1529267,2026-04-16,2026,"Wankhede Stadium, Mumbai",Mumbai,Mumbai Indians,Punjab Kings,Punjab Kings,field,Punjab Kings,,7.0,Arshdeep Singh,True,PBKS,Wankhede Stadium
1529268,2026-04-17,2026,"Narendra Modi Stadium, Ahmedabad",Ahmedabad,Kolkata Knight Riders,Gujarat Titans,Kolkata Knight Riders,bat,Gujarat Titans,,5.0,Shubman Gill,False,GT,Narendra Modi Stadium
1529269,2026-04-18,2026,"M Chinnaswamy Stadium, Bengaluru",Bengaluru,Royal Challengers Bengaluru,Delhi Capitals,Delhi Capitals,field,Delhi Capitals,,6.0,T Stubbs,True,DC,M Chinnaswamy Stadium
1529270,2026-04-18,2026,"Rajiv Gandhi International Stadium, Uppal, Hyderabad",Hyderabad,Sunrisers Hyderabad,Chennai Super Kings,Chennai Super Kings,field,Sunrisers Hyderabad,10.0,,E Malinga,False,SRH,Rajiv Gandhi International Stadium
1529271,2026-04-19,2026,"Eden Gardens, Kolkata",Kolkata,Rajasthan Royals,Kolkata Knight Riders,Rajasthan Royals,bat,Kolkata Knight Riders,,4.0,CV Varun,False,KKR,Eden Gardens
1529272,2026-04-19,2026,"Maharaja Yadavindra Singh International Cricket Stadium, New Chandigarh",New Chandigarh,Punjab Kings,Lucknow Super Giants,Lucknow Super Giants,field,Punjab Kings,54.0,,Priyansh Arya,False,PBKS,Maharaja Yadavindra Singh International Cricket Stadium
1529273,2026-04-20,2026,"Narendra Modi Stadium, Ahmedabad",Ahmedabad,Mumbai Indians,Gujarat Titans,Gujarat Titans,field,Mumbai Indians,99.0,,Tilak Varma,False,MI,Narendra Modi Stadium
1529274,2026-04-21,2026,"Rajiv Gandhi International Stadium, Uppal, Hyderabad",Hyderabad,Sunrisers Hyderabad,Delhi Capitals,Delhi Capitals,field,Sunrisers Hyderabad,47.0,,Abhishek Sharma,False,SRH,Rajiv Gandhi International Stadium
1529275,2026-04-22,2026,"Bharat Ratna Shri Atal Bihari Vajpayee Ekana Cricket Stadium, Lucknow",Lucknow,Rajasthan Royals,Lucknow Super Giants,Lucknow Super Giants,field,Rajasthan Royals,40.0,,RA Jadeja,False,RR,Bharat Ratna Shri Atal Bihari Vajpayee Ekana Cricket Stadium
1529276,2026-04-23,2026,"Wankhede Stadium, Mumbai",Mumbai,Chennai Super Kings,Mumbai Indians,Mumbai Indians,field,Chennai Super Kings,103.0,,SV Samson,False,CSK,Wankhede Stadium
1529277,2026-04-24,2026,"M Chinnaswamy Stadium, Bengaluru",Bengaluru,Gujarat Titans,Royal Challengers Bengaluru,Royal Challengers Bengaluru,field,Royal Challengers Bengaluru,,5.0,V Kohli,True,RCB,M Chinnaswamy Stadium
1529278,2026-04-25,2026,"Arun Jaitley Stadium, Delhi",Delhi,Delhi Capitals,Punjab Kings,Delhi Capitals,bat,Punjab Kings,,6.0,KL Rahul,False,PBKS,Arun Jaitley Stadium
1529279,2026-04-25,2026,"Sawai Mansingh Stadium, Jaipur",Jaipur,Rajasthan Royals,Sunrisers Hyderabad,Sunrisers Hyderabad,field,Sunrisers Hyderabad,,5.0,Ishan Kishan,True,SRH,Sawai Mansingh Stadium
1529280,2026-04-26,2026,"MA Chidambaram Stadium, Chepauk, Chennai",Chennai,Chennai Super Kings,Gujarat Titans,Gujarat Titans,field,Gujarat Titans,,8.0,K Rabada,True,GT,MA Chidambaram Stadium
1529282,2026-04-27,2026,"Arun Jaitley Stadium, Delhi",Delhi,Delhi Capitals,Royal Challengers Bengaluru,Royal Challengers Bengaluru,field,Royal Challengers Bengaluru,,9.0,JR Hazlewood,True,RCB,Arun Jaitley Stadium
1529283,2026-04-28,2026,"Maharaja Yadavindra Singh International Cricket Stadium, New Chandigarh",New Chandigarh,Punjab Kings,Rajasthan Royals,Rajasthan Royals,field,Rajasthan Royals,,6.0,D Ferreira,True,RR,Maharaja Yadavindra Singh International Cricket Stadium
1529284,2026-04-29,2026,"Wankhede Stadium, Mumbai",Mumbai,Mumbai Indians,Sunrisers Hyderabad,Mumbai Indians,bat,Sunrisers Hyderabad,,6.0,H Klaasen,False,SRH,Wankhede Stadium
1529285,2026-04-30,2026,"Narendra Modi Stadium, Ahmedabad",Ahmedabad,Royal Challengers Bengaluru,Gujarat Titans,Gujarat Titans,field,Gujarat Titans,,4.0,JO Holder,True,GT,Narendra Modi Stadium
1529286,2026-05-01,2026,"Sawai Mansingh Stadium, Jaipur",Jaipur,Rajasthan Royals,Delhi Capitals,Rajasthan Royals,bat,Delhi Capitals,,7.0,KL Rahul,False,DC,Sawai Mansingh Stadium
1529287,2026-05-02,2026,"MA Chidambaram Stadium, Chepauk, Chennai",Chennai,Mumbai Indians,Chennai Super Kings,Mumbai Indians,bat,Chennai Super Kings,,8.0,RD Gaikwad,False,CSK,MA Chidambaram Stadium
1529288,2026-05-03,2026,"Rajiv Gandhi International Stadium, Uppal, Hyderabad",Hyderabad,Sunrisers Hyderabad,Kolkata Knight Riders,Sunrisers Hyderabad,bat,Kolkata Knight Riders,,7.0,CV Varun,False,KKR,Rajiv Gandhi International Stadium
1529289,2026-05-03,2026,"Narendra Modi Stadium, Ahmedabad",Ahmedabad,Punjab Kings,Gujarat Titans,Gujarat Titans,field,Gujarat Titans,,4.0,JO Holder,True,GT,Narendra Modi Stadium
1529290,2026-05-04,2026,"Wankhede Stadium, Mumbai",Mumbai,Lucknow Super Giants,Mumbai Indians,Mumbai Indians,field,Mumbai Indians,,6.0,RD Rickelton,True,MI,Wankhede Stadium
1529291,2026-05-05,2026,"Arun Jaitley Stadium, Delhi",Delhi,Delhi Capitals,Chennai Super Kings,Delhi Capitals,bat,Chennai Super Kings,,8.0,SV Samson,False,CSK,Arun Jaitley Stadium
1529292,2026-05-06,2026,"Rajiv Gandhi International Stadium, Uppal, Hyderabad",Hyderabad,Sunrisers Hyderabad,Punjab Kings,Punjab Kings,field,Sunrisers Hyderabad,33.0,,PJ Cummins,False,SRH,Rajiv Gandhi International Stadium
